ts,container,cpu_pct,mem_used_mb,mem_limit_mb,mem_pct,net_in_mb,net_out_mb,block_in_mb,block_out_mb,pids
2026-08-20T20:55:20Z,celmis-api,1.37,216.8,6928.38,3.13,27.1,5.35,18.0,24.7,12
2026-08-20T20:55:20Z,celmis-postgres,0.04,29.89,6928.38,0.43,4.92,4.46,4.85,29.4,10
2026-08-20T20:55:20Z,celmis-web,0.00,81.93,6928.38,1.18,0.37,0.48,14.8,0.0,12
2026-08-20T20:55:20Z,celmis-sandbox,0.03,39.68,3072.0,1.29,0.0,0.0,1.86,0.0,3
2026-08-20T20:55:20Z,celmis-qdrant,0.05,246.5,6928.38,3.56,0.03,0.02,71.5,0.01,25
2026-08-20T20:55:25Z,celmis-api,0.88,167.9,6928.38,2.42,27.1,5.36,18.1,24.8,11
2026-08-20T20:55:25Z,celmis-postgres,0.25,29.87,6928.38,0.43,4.94,4.48,4.99,29.5,10
2026-08-20T20:55:25Z,celmis-web,0.01,82.24,6928.38,1.19,0.37,0.48,14.8,0.0,12
2026-08-20T20:55:25Z,celmis-sandbox,0.04,39.68,3072.0,1.29,0.0,0.0,1.86,0.0,3
2026-08-20T20:55:25Z,celmis-qdrant,0.13,246.6,6928.38,3.56,0.03,0.02,71.5,0.01,25
2026-08-20T20:55:31Z,celmis-api,0.66,167.9,6928.38,2.42,27.1,5.37,18.1,24.8,11
2026-08-20T20:55:31Z,celmis-postgres,0.03,30.06,6928.38,0.43,4.94,4.48,4.99,29.5,10
2026-08-20T20:55:31Z,celmis-web,0.01,82.24,6928.38,1.19,0.37,0.48,14.8,0.0,12
2026-08-20T20:55:31Z,celmis-sandbox,0.03,39.68,3072.0,1.29,0.0,0.0,1.86,0.0,3
2026-08-20T20:55:31Z,celmis-qdrant,0.09,246.6,6928.38,3.56,0.03,0.02,71.5,0.01,25
2026-08-20T20:55:37Z,celmis-api,0.26,167.9,6928.38,2.42,27.2,5.37,18.1,24.8,11
2026-08-20T20:55:37Z,celmis-postgres,0.04,30.06,6928.38,0.43,4.94,4.48,4.99,29.5,10
2026-08-20T20:55:37Z,celmis-web,0.01,82.24,6928.38,1.19,0.37,0.48,14.8,0.0,12
2026-08-20T20:55:37Z,celmis-sandbox,0.04,39.64,3072.0,1.29,0.0,0.0,1.86,0.0,3
2026-08-20T20:55:37Z,celmis-qdrant,0.08,246.6,6928.38,3.56,0.03,0.02,71.5,0.01,25
2026-08-20T20:55:42Z,celmis-api,0.27,167.8,6928.38,2.42,27.2,5.37,18.1,24.8,11
2026-08-20T20:55:42Z,celmis-postgres,0.05,29.79,6928.38,0.43,4.94,4.48,4.99,29.5,10
2026-08-20T20:55:42Z,celmis-web,0.00,82.08,6928.38,1.18,0.37,0.48,14.8,0.0,12
2026-08-20T20:55:42Z,celmis-sandbox,0.03,39.6,3072.0,1.29,0.0,0.0,1.86,0.0,3
2026-08-20T20:55:42Z,celmis-qdrant,0.09,246.8,6928.38,3.56,0.03,0.02,71.5,0.01,25
2026-08-20T20:55:48Z,celmis-api,0.27,167.9,6928.38,2.42,27.2,5.37,18.1,24.8,11
2026-08-20T20:55:48Z,celmis-postgres,0.06,29.86,6928.38,0.43,4.95,4.48,4.99,29.5,10
2026-08-20T20:55:48Z,celmis-web,0.01,82.08,6928.38,1.18,0.37,0.48,14.8,0.0,12
2026-08-20T20:55:48Z,celmis-sandbox,0.04,39.6,3072.0,1.29,0.0,0.0,1.86,0.0,3
2026-08-20T20:55:48Z,celmis-qdrant,0.07,246.8,6928.38,3.56,0.03,0.02,71.5,0.01,26
2026-08-20T20:55:53Z,celmis-api,0.26,167.8,6928.38,2.42,27.2,5.37,18.1,24.8,11
2026-08-20T20:55:53Z,celmis-postgres,1.62,30.14,6928.38,0.44,4.95,4.49,4.99,29.5,10
2026-08-20T20:55:53Z,celmis-web,0.01,82.14,6928.38,1.19,0.37,0.48,14.8,0.0,12
2026-08-20T20:55:53Z,celmis-sandbox,0.02,39.6,3072.0,1.29,0.0,0.0,1.86,0.0,3
2026-08-20T20:55:53Z,celmis-qdrant,0.07,246.5,6928.38,3.56,0.03,0.02,71.5,0.01,26
2026-08-20T20:55:59Z,celmis-api,0.27,167.8,6928.38,2.42,27.2,5.37,18.1,24.8,11
2026-08-20T20:55:59Z,celmis-postgres,0.04,29.75,6928.38,0.43,4.95,4.49,4.99,29.5,10
2026-08-20T20:55:59Z,celmis-web,0.04,82.09,6928.38,1.18,0.37,0.48,14.8,0.0,12
2026-08-20T20:55:59Z,celmis-sandbox,0.03,39.6,3072.0,1.29,0.0,0.0,1.86,0.0,3
2026-08-20T20:55:59Z,celmis-qdrant,0.05,246.5,6928.38,3.56,0.03,0.02,71.5,0.01,25
2026-08-20T20:56:05Z,celmis-api,0.26,167.8,6928.38,2.42,27.2,5.37,18.1,24.8,11
2026-08-20T20:56:05Z,celmis-postgres,0.00,29.93,6928.38,0.43,4.95,4.49,4.99,29.5,10
2026-08-20T20:56:05Z,celmis-web,0.01,82.09,6928.38,1.18,0.37,0.48,14.8,0.0,12
2026-08-20T20:56:05Z,celmis-sandbox,0.03,39.6,3072.0,1.29,0.0,0.0,1.86,0.0,3
2026-08-20T20:56:05Z,celmis-qdrant,0.12,246.5,6928.38,3.56,0.03,0.02,71.5,0.01,25
2026-08-20T20:56:10Z,celmis-api,12.96,167.9,6928.38,2.42,27.2,5.38,18.1,24.8,11
2026-08-20T20:56:10Z,celmis-postgres,0.16,29.73,6928.38,0.43,4.96,4.5,4.99,29.5,10
2026-08-20T20:56:10Z,celmis-web,0.01,81.96,6928.38,1.18,0.37,0.48,14.8,0.0,12
2026-08-20T20:56:10Z,celmis-sandbox,0.03,39.86,3072.0,1.30,0.0,0.0,1.86,0.0,3
2026-08-20T20:56:10Z,celmis-qdrant,0.07,246.6,6928.38,3.56,0.03,0.02,71.5,0.01,25
2026-08-20T20:56:16Z,celmis-api,0.89,167.9,6928.38,2.42,27.2,5.38,18.1,24.8,11
2026-08-20T20:56:16Z,celmis-postgres,0.22,29.97,6928.38,0.43,4.96,4.5,4.99,29.5,10
2026-08-20T20:56:16Z,celmis-web,0.01,81.96,6928.38,1.18,0.37,0.48,14.8,0.0,12
2026-08-20T20:56:16Z,celmis-sandbox,0.02,39.86,3072.0,1.30,0.0,0.0,1.86,0.0,3
2026-08-20T20:56:16Z,celmis-qdrant,0.11,246.6,6928.38,3.56,0.04,0.02,71.5,0.01,25
2026-08-20T20:56:21Z,celmis-api,36.18,167.9,6928.38,2.42,27.2,5.39,18.1,24.8,11
2026-08-20T20:56:21Z,celmis-postgres,0.04,29.97,6928.38,0.43,4.96,4.5,4.99,29.5,10
2026-08-20T20:56:21Z,celmis-web,0.00,81.96,6928.38,1.18,0.37,0.48,14.8,0.0,12
2026-08-20T20:56:21Z,celmis-sandbox,0.02,39.86,3072.0,1.30,0.0,0.0,1.86,0.0,3
2026-08-20T20:56:21Z,celmis-qdrant,0.09,246.6,6928.38,3.56,0.04,0.02,71.5,0.01,25
2026-08-20T20:56:27Z,celmis-api,0.30,167.8,6928.38,2.42,27.2,5.39,18.1,24.8,11
2026-08-20T20:56:27Z,celmis-postgres,0.00,29.98,6928.38,0.43,4.96,4.5,4.99,29.5,10
2026-08-20T20:56:27Z,celmis-web,0.01,81.99,6928.38,1.18,0.37,0.48,14.8,0.0,12
2026-08-20T20:56:27Z,celmis-sandbox,0.03,39.86,3072.0,1.30,0.0,0.0,1.86,0.0,3
2026-08-20T20:56:27Z,celmis-qdrant,0.08,246.5,6928.38,3.56,0.04,0.02,71.5,0.01,25
2026-08-20T20:56:32Z,celmis-api,0.26,167.8,6928.38,2.42,27.2,5.39,18.1,24.8,11
2026-08-20T20:56:32Z,celmis-postgres,0.00,29.97,6928.38,0.43,4.96,4.5,4.99,29.5,10
2026-08-20T20:56:32Z,celmis-web,0.01,81.99,6928.38,1.18,0.37,0.48,14.8,0.0,12
2026-08-20T20:56:32Z,celmis-sandbox,0.03,39.86,3072.0,1.30,0.0,0.0,1.86,0.0,3
2026-08-20T20:56:32Z,celmis-qdrant,0.09,246.5,6928.38,3.56,0.04,0.02,71.5,0.01,25
2026-08-20T20:56:38Z,celmis-api,0.25,167.9,6928.38,2.42,27.2,5.39,18.1,24.8,11
2026-08-20T20:56:38Z,celmis-postgres,2.17,29.99,6928.38,0.43,4.97,4.5,4.99,29.5,10
2026-08-20T20:56:38Z,celmis-web,0.02,82.0,6928.38,1.18,0.37,0.48,14.8,0.0,12
2026-08-20T20:56:38Z,celmis-sandbox,0.03,40.04,3072.0,1.30,0.0,0.0,1.86,0.0,3
2026-08-20T20:56:38Z,celmis-qdrant,1.29,246.4,6928.38,3.56,0.04,0.02,71.5,0.01,25
2026-08-20T20:56:43Z,celmis-api,0.26,167.9,6928.38,2.42,27.2,5.39,18.1,24.8,11
2026-08-20T20:56:43Z,celmis-postgres,2.69,29.73,6928.38,0.43,4.97,4.5,4.99,29.5,10
2026-08-20T20:56:43Z,celmis-web,0.02,82.0,6928.38,1.18,0.37,0.48,14.8,0.0,12
2026-08-20T20:56:43Z,celmis-sandbox,0.02,40.04,3072.0,1.30,0.0,0.0,1.86,0.0,3
2026-08-20T20:56:43Z,celmis-qdrant,0.07,246.4,6928.38,3.56,0.04,0.02,71.5,0.01,25
2026-08-20T20:56:49Z,celmis-api,0.27,167.9,6928.38,2.42,27.2,5.39,18.1,24.8,11
2026-08-20T20:56:49Z,celmis-postgres,1.67,30.03,6928.38,0.43,4.97,4.51,4.99,29.5,10
2026-08-20T20:56:49Z,celmis-web,0.01,82.0,6928.38,1.18,0.37,0.48,14.8,0.0,12
2026-08-20T20:56:49Z,celmis-sandbox,0.03,40.04,3072.0,1.30,0.0,0.0,1.86,0.0,3
2026-08-20T20:56:49Z,celmis-qdrant,0.08,246.4,6928.38,3.56,0.04,0.02,71.5,0.01,25
2026-08-20T20:56:55Z,celmis-api,0.31,167.7,6928.38,2.42,27.2,5.39,18.1,24.8,11
2026-08-20T20:56:55Z,celmis-postgres,0.00,30.14,6928.38,0.44,4.97,4.51,4.99,29.5,10
2026-08-20T20:56:55Z,celmis-web,0.00,82.23,6928.38,1.19,0.37,0.48,14.8,0.0,12
2026-08-20T20:56:55Z,celmis-sandbox,0.03,40.04,3072.0,1.30,0.0,0.0,1.86,0.0,3
2026-08-20T20:56:55Z,celmis-qdrant,0.08,246.3,6928.38,3.55,0.04,0.02,71.5,0.01,25
2026-08-20T20:57:00Z,celmis-api,0.36,167.9,6928.38,2.42,27.2,5.4,18.1,24.8,11
2026-08-20T20:57:00Z,celmis-postgres,0.00,29.63,6928.38,0.43,4.97,4.51,4.99,29.5,10
2026-08-20T20:57:00Z,celmis-web,0.00,82.23,6928.38,1.19,0.37,0.48,14.8,0.0,12
2026-08-20T20:57:00Z,celmis-sandbox,0.03,40.04,3072.0,1.30,0.0,0.0,1.86,0.0,3
2026-08-20T20:57:00Z,celmis-qdrant,0.08,246.3,6928.38,3.55,0.04,0.02,71.5,0.01,25
2026-08-20T20:57:06Z,celmis-api,8.15,178.0,6928.38,2.57,27.2,5.4,18.1,24.8,12
2026-08-20T20:57:06Z,celmis-postgres,0.44,29.91,6928.38,0.43,4.97,4.51,4.99,29.5,10
2026-08-20T20:57:06Z,celmis-web,0.00,82.23,6928.38,1.19,0.37,0.48,14.8,0.0,12
2026-08-20T20:57:06Z,celmis-sandbox,12.78,40.21,3072.0,1.31,0.0,0.0,1.86,0.0,3
2026-08-20T20:57:06Z,celmis-qdrant,0.07,246.3,6928.38,3.55,0.04,0.02,71.5,0.01,25
2026-08-20T20:57:11Z,celmis-api,0.69,168.1,6928.38,2.43,27.2,5.41,18.1,24.9,11
2026-08-20T20:57:11Z,celmis-postgres,0.00,29.96,6928.38,0.43,4.98,4.52,4.99,29.6,10
2026-08-20T20:57:11Z,celmis-web,0.00,82.0,6928.38,1.18,0.37,0.48,14.8,0.0,12
2026-08-20T20:57:11Z,celmis-sandbox,0.03,40.21,3072.0,1.31,0.0,0.0,1.86,0.0,3
2026-08-20T20:57:11Z,celmis-qdrant,0.09,246.5,6928.38,3.56,0.04,0.02,71.5,0.01,25
2026-08-20T20:57:17Z,celmis-api,0.26,168.1,6928.38,2.43,27.2,5.41,18.1,24.9,11
2026-08-20T20:57:17Z,celmis-postgres,0.03,29.84,6928.38,0.43,4.98,4.52,4.99,29.6,10
2026-08-20T20:57:17Z,celmis-web,0.01,82.0,6928.38,1.18,0.37,0.48,14.8,0.0,12
2026-08-20T20:57:17Z,celmis-sandbox,0.04,40.21,3072.0,1.31,0.0,0.0,1.86,0.0,3
2026-08-20T20:57:17Z,celmis-qdrant,0.06,246.5,6928.38,3.56,0.04,0.02,71.5,0.01,25
2026-08-20T20:57:22Z,celmis-api,2.60,167.8,6928.38,2.42,27.2,5.41,18.1,24.9,11
2026-08-20T20:57:22Z,celmis-postgres,0.03,29.81,6928.38,0.43,4.98,4.52,4.99,29.6,10
2026-08-20T20:57:22Z,celmis-web,2.66,82.28,6928.38,1.19,0.37,0.48,14.8,0.0,12
2026-08-20T20:57:22Z,celmis-sandbox,0.03,40.21,3072.0,1.31,0.0,0.0,1.86,0.0,3
2026-08-20T20:57:22Z,celmis-qdrant,1.45,246.1,6928.38,3.55,0.04,0.02,71.5,0.01,25
2026-08-20T20:57:28Z,celmis-api,0.26,167.8,6928.38,2.42,27.2,5.41,18.1,24.9,11
2026-08-20T20:57:28Z,celmis-postgres,0.00,30.05,6928.38,0.43,4.98,4.52,4.99,29.6,10
2026-08-20T20:57:28Z,celmis-web,0.00,82.23,6928.38,1.19,0.37,0.48,14.8,0.0,12
2026-08-20T20:57:28Z,celmis-sandbox,0.03,40.21,3072.0,1.31,0.0,0.0,1.86,0.0,3
2026-08-20T20:57:28Z,celmis-qdrant,0.08,246.1,6928.38,3.55,0.04,0.02,71.5,0.01,25
2026-08-20T20:57:33Z,celmis-api,0.25,167.8,6928.38,2.42,27.2,5.41,18.1,24.9,11
2026-08-20T20:57:33Z,celmis-postgres,2.00,30.01,6928.38,0.43,4.99,4.52,4.99,29.6,10
2026-08-20T20:57:33Z,celmis-web,0.00,82.23,6928.38,1.19,0.37,0.48,14.8,0.0,12
2026-08-20T20:57:33Z,celmis-sandbox,0.03,40.21,3072.0,1.31,0.0,0.0,1.86,0.0,3
2026-08-20T20:57:33Z,celmis-qdrant,0.08,246.1,6928.38,3.55,0.04,0.02,71.5,0.01,25
2026-08-20T20:57:39Z,celmis-api,0.27,167.6,6928.38,2.42,27.2,5.41,18.1,24.9,11
2026-08-20T20:57:39Z,celmis-postgres,0.00,30.1,6928.38,0.43,4.99,4.52,4.99,29.6,10
2026-08-20T20:57:39Z,celmis-web,0.01,81.76,6928.38,1.18,0.37,0.48,14.8,0.0,12
2026-08-20T20:57:39Z,celmis-sandbox,0.03,39.88,3072.0,1.30,0.0,0.0,1.86,0.0,3
2026-08-20T20:57:39Z,celmis-qdrant,0.11,246.3,6928.38,3.55,0.04,0.02,71.5,0.01,25
2026-08-20T20:57:45Z,celmis-api,0.24,167.6,6928.38,2.42,27.2,5.41,18.1,24.9,11
2026-08-20T20:57:45Z,celmis-postgres,0.12,30.01,6928.38,0.43,4.99,4.53,4.99,29.6,10
2026-08-20T20:57:45Z,celmis-web,0.01,81.76,6928.38,1.18,0.37,0.48,14.8,0.0,12
2026-08-20T20:57:45Z,celmis-sandbox,0.01,39.88,3072.0,1.30,0.0,0.0,1.86,0.0,3
2026-08-20T20:57:45Z,celmis-qdrant,0.07,246.3,6928.38,3.55,0.04,0.02,71.5,0.01,25
2026-08-20T20:57:50Z,celmis-api,0.27,167.6,6928.38,2.42,27.2,5.42,18.1,24.9,11
2026-08-20T20:57:50Z,celmis-postgres,0.03,29.92,6928.38,0.43,4.99,4.53,4.99,29.6,10
2026-08-20T20:57:50Z,celmis-web,0.01,81.76,6928.38,1.18,0.37,0.48,14.8,0.0,12
2026-08-20T20:57:50Z,celmis-sandbox,0.03,39.88,3072.0,1.30,0.0,0.0,1.86,0.0,3
2026-08-20T20:57:50Z,celmis-qdrant,0.10,246.3,6928.38,3.55,0.04,0.02,71.5,0.01,25
2026-08-20T20:57:56Z,celmis-api,0.71,168.2,6928.38,2.43,27.2,5.42,18.1,24.9,11
2026-08-20T20:57:56Z,celmis-postgres,0.14,29.82,6928.38,0.43,4.99,4.53,4.99,29.6,10
2026-08-20T20:57:56Z,celmis-web,0.00,82.13,6928.38,1.19,0.37,0.48,14.8,0.0,12
2026-08-20T20:57:56Z,celmis-sandbox,0.04,39.88,3072.0,1.30,0.0,0.0,1.86,0.0,3
2026-08-20T20:57:56Z,celmis-qdrant,0.10,246.7,6928.38,3.56,0.04,0.02,71.5,0.01,25
2026-08-20T20:58:01Z,celmis-api,0.76,168.2,6928.38,2.43,27.2,5.42,18.1,24.9,11
2026-08-20T20:58:01Z,celmis-postgres,0.15,29.95,6928.38,0.43,4.99,4.53,4.99,29.6,10
2026-08-20T20:58:01Z,celmis-web,0.02,82.13,6928.38,1.19,0.37,0.48,14.8,0.0,12
2026-08-20T20:58:01Z,celmis-sandbox,0.03,39.88,3072.0,1.30,0.0,0.0,1.86,0.0,3
2026-08-20T20:58:01Z,celmis-qdrant,0.09,246.7,6928.38,3.56,0.04,0.02,71.5,0.01,25
2026-08-20T20:58:07Z,celmis-api,0.27,168.2,6928.38,2.43,27.2,5.42,18.1,24.9,11
2026-08-20T20:58:07Z,celmis-postgres,0.00,30.12,6928.38,0.43,5.0,4.53,4.99,29.6,10
2026-08-20T20:58:07Z,celmis-web,0.01,82.13,6928.38,1.19,0.37,0.48,14.8,0.0,12
2026-08-20T20:58:07Z,celmis-sandbox,0.03,39.79,3072.0,1.30,0.0,0.0,1.86,0.0,3
2026-08-20T20:58:07Z,celmis-qdrant,0.10,246.7,6928.38,3.56,0.04,0.02,71.5,0.01,25
2026-08-20T20:58:12Z,celmis-api,0.23,168.1,6928.38,2.43,27.2,5.42,18.1,24.9,11
2026-08-20T20:58:12Z,celmis-postgres,0.00,29.83,6928.38,0.43,5.0,4.53,4.99,29.7,10
2026-08-20T20:58:12Z,celmis-web,0.01,81.98,6928.38,1.18,0.37,0.48,14.8,0.0,12
2026-08-20T20:58:12Z,celmis-sandbox,0.03,39.78,3072.0,1.29,0.0,0.0,1.86,0.0,3
2026-08-20T20:58:12Z,celmis-qdrant,0.07,246.6,6928.38,3.56,0.04,0.02,71.5,0.01,25
2026-08-20T20:58:18Z,celmis-api,0.28,168.1,6928.38,2.43,27.2,5.42,18.1,24.9,11
2026-08-20T20:58:18Z,celmis-postgres,0.03,29.87,6928.38,0.43,5.0,4.54,4.99,29.7,10
2026-08-20T20:58:18Z,celmis-web,0.00,81.98,6928.38,1.18,0.37,0.48,14.8,0.0,12
2026-08-20T20:58:18Z,celmis-sandbox,0.03,39.78,3072.0,1.29,0.0,0.0,1.86,0.0,3
2026-08-20T20:58:18Z,celmis-qdrant,0.06,246.6,6928.38,3.56,0.04,0.02,71.5,0.01,25
2026-08-20T20:58:23Z,celmis-api,4.50,216.6,6928.38,3.13,27.2,5.43,18.1,24.9,12
2026-08-20T20:58:23Z,celmis-postgres,0.97,30.23,6928.38,0.44,5.0,4.54,4.99,29.7,10
2026-08-20T20:58:23Z,celmis-web,1.74,82.07,6928.38,1.18,0.37,0.48,14.8,0.0,12
2026-08-20T20:58:23Z,celmis-sandbox,0.04,39.78,3072.0,1.29,0.0,0.0,1.86,0.0,3
2026-08-20T20:58:23Z,celmis-qdrant,0.07,246.5,6928.38,3.56,0.04,0.02,71.5,0.01,25
2026-08-20T20:58:29Z,celmis-api,0.33,419.8,6928.38,6.06,27.4,5.45,18.1,25.0,17
2026-08-20T20:58:29Z,celmis-postgres,1.95,33.47,6928.38,0.48,5.01,4.55,4.99,29.7,12
2026-08-20T20:58:29Z,celmis-web,0.02,82.07,6928.38,1.18,0.37,0.48,14.8,0.0,12
2026-08-20T20:58:29Z,celmis-sandbox,0.03,39.78,3072.0,1.29,0.0,0.0,1.86,0.0,3
2026-08-20T20:58:29Z,celmis-qdrant,0.12,246.5,6928.38,3.56,0.04,0.02,71.5,0.01,25
2026-08-20T20:58:35Z,celmis-api,0.49,420.0,6928.38,6.06,27.4,5.45,18.1,25.0,17
2026-08-20T20:58:35Z,celmis-postgres,1.78,33.46,6928.38,0.48,5.01,4.55,4.99,29.7,12
2026-08-20T20:58:35Z,celmis-web,0.01,82.07,6928.38,1.18,0.37,0.48,14.8,0.0,12
2026-08-20T20:58:35Z,celmis-sandbox,0.02,39.78,3072.0,1.29,0.0,0.0,1.86,0.0,3
2026-08-20T20:58:35Z,celmis-qdrant,0.11,246.5,6928.38,3.56,0.04,0.02,71.5,0.01,25
2026-08-20T20:58:40Z,celmis-api,51.04,168.3,6928.38,2.43,27.4,5.46,18.1,25.0,11
2026-08-20T20:58:40Z,celmis-postgres,0.14,29.89,6928.38,0.43,5.02,4.56,4.99,29.7,10
2026-08-20T20:58:40Z,celmis-web,0.01,82.05,6928.38,1.18,0.37,0.48,14.8,0.0,12
2026-08-20T20:58:40Z,celmis-sandbox,0.04,39.95,3072.0,1.30,0.0,0.0,1.86,0.0,3
2026-08-20T20:58:40Z,celmis-qdrant,0.11,246.4,6928.38,3.56,0.04,0.02,71.5,0.01,25
2026-08-20T20:58:46Z,celmis-api,0.63,168.3,6928.38,2.43,27.4,5.46,18.1,25.0,11
2026-08-20T20:58:46Z,celmis-postgres,0.18,30.11,6928.38,0.43,5.03,4.56,4.99,29.7,10
2026-08-20T20:58:46Z,celmis-web,0.01,82.05,6928.38,1.18,0.37,0.48,14.8,0.0,12
2026-08-20T20:58:46Z,celmis-sandbox,0.02,39.95,3072.0,1.30,0.0,0.0,1.86,0.0,3
2026-08-20T20:58:46Z,celmis-qdrant,0.06,246.4,6928.38,3.56,0.04,0.02,71.5,0.01,25
2026-08-20T20:58:51Z,celmis-api,0.66,168.3,6928.38,2.43,27.4,5.46,18.1,25.0,11
2026-08-20T20:58:51Z,celmis-postgres,0.15,30.08,6928.38,0.43,5.03,4.56,4.99,29.7,10
2026-08-20T20:58:51Z,celmis-web,0.01,82.05,6928.38,1.18,0.37,0.48,14.8,0.0,12
2026-08-20T20:58:51Z,celmis-sandbox,0.03,39.95,3072.0,1.30,0.0,0.0,1.86,0.0,3
2026-08-20T20:58:51Z,celmis-qdrant,0.12,246.4,6928.38,3.56,0.04,0.02,71.5,0.01,25
2026-08-20T20:58:57Z,celmis-api,0.24,168.3,6928.38,2.43,27.4,5.46,18.1,25.1,11
2026-08-20T20:58:57Z,celmis-postgres,0.03,30.07,6928.38,0.43,5.03,4.56,4.99,29.7,10
2026-08-20T20:58:57Z,celmis-web,0.01,82.39,6928.38,1.19,0.37,0.48,14.8,0.0,12
2026-08-20T20:58:57Z,celmis-sandbox,0.03,39.95,3072.0,1.30,0.0,0.0,1.86,0.0,3
2026-08-20T20:58:57Z,celmis-qdrant,0.11,246.5,6928.38,3.56,0.04,0.02,71.5,0.01,25
2026-08-20T20:59:02Z,celmis-api,0.86,168.3,6928.38,2.43,27.4,5.46,18.1,25.1,11
2026-08-20T20:59:02Z,celmis-postgres,0.00,29.79,6928.38,0.43,5.03,4.56,4.99,29.7,10
2026-08-20T20:59:02Z,celmis-web,0.01,82.39,6928.38,1.19,0.37,0.48,14.8,0.0,12
2026-08-20T20:59:02Z,celmis-sandbox,0.03,39.95,3072.0,1.30,0.0,0.0,1.86,0.0,3
2026-08-20T20:59:02Z,celmis-qdrant,0.10,246.5,6928.38,3.56,0.04,0.02,71.5,0.01,25
2026-08-20T20:59:08Z,celmis-api,1.59,168.4,6928.38,2.43,27.4,5.47,18.1,25.1,11
2026-08-20T20:59:08Z,celmis-postgres,0.00,29.86,6928.38,0.43,5.03,4.57,4.99,29.7,10
2026-08-20T20:59:08Z,celmis-web,1.50,82.18,6928.38,1.19,0.37,0.48,14.8,0.0,12
2026-08-20T20:59:08Z,celmis-sandbox,0.04,39.85,3072.0,1.30,0.0,0.0,1.86,0.0,3
2026-08-20T20:59:08Z,celmis-qdrant,1.25,246.4,6928.38,3.56,0.04,0.02,71.5,0.01,25
2026-08-20T20:59:13Z,celmis-api,0.21,168.4,6928.38,2.43,27.4,5.47,18.1,25.1,11
2026-08-20T20:59:13Z,celmis-postgres,0.00,29.84,6928.38,0.43,5.03,4.57,4.99,29.7,10
2026-08-20T20:59:13Z,celmis-web,0.02,82.16,6928.38,1.19,0.37,0.48,14.8,0.0,12
2026-08-20T20:59:13Z,celmis-sandbox,0.03,39.85,3072.0,1.30,0.0,0.0,1.86,0.0,3
2026-08-20T20:59:13Z,celmis-qdrant,0.06,246.4,6928.38,3.56,0.04,0.02,71.5,0.01,25
2026-08-20T20:59:19Z,celmis-api,0.27,168.4,6928.38,2.43,27.4,5.47,18.1,25.1,11
2026-08-20T20:59:19Z,celmis-postgres,1.81,30.14,6928.38,0.44,5.03,4.57,4.99,29.7,10
2026-08-20T20:59:19Z,celmis-web,0.00,82.16,6928.38,1.19,0.37,0.48,14.8,0.0,12
2026-08-20T20:59:19Z,celmis-sandbox,0.07,39.85,3072.0,1.30,0.0,0.0,1.86,0.0,3
2026-08-20T20:59:19Z,celmis-qdrant,0.05,246.4,6928.38,3.56,0.04,0.02,71.5,0.01,25
2026-08-20T20:59:25Z,celmis-api,62.38,284.9,6928.38,4.11,27.4,5.49,18.1,25.2,17
2026-08-20T20:59:25Z,celmis-postgres,3.95,33.66,6928.38,0.49,5.05,4.58,4.99,29.7,12
2026-08-20T20:59:25Z,celmis-web,0.01,82.03,6928.38,1.18,0.37,0.48,14.8,0.0,12
2026-08-20T20:59:25Z,celmis-sandbox,0.01,39.85,3072.0,1.30,0.0,0.0,1.86,0.0,3
2026-08-20T20:59:25Z,celmis-qdrant,0.06,246.6,6928.38,3.56,0.04,0.02,71.5,0.01,25
2026-08-20T20:59:30Z,celmis-api,0.55,421.6,6928.38,6.09,27.5,5.49,18.1,25.2,17
2026-08-20T20:59:30Z,celmis-postgres,1.03,33.62,6928.38,0.49,5.05,4.58,4.99,29.7,12
2026-08-20T20:59:30Z,celmis-web,0.01,82.03,6928.38,1.18,0.37,0.48,14.8,0.0,12
2026-08-20T20:59:30Z,celmis-sandbox,0.03,39.85,3072.0,1.30,0.0,0.0,1.86,0.0,3
2026-08-20T20:59:30Z,celmis-qdrant,0.06,246.6,6928.38,3.56,0.04,0.02,71.5,0.01,25
2026-08-20T20:59:35Z,celmis-api,4.51,424.9,6928.38,6.13,27.6,5.5,18.1,25.3,17
2026-08-20T20:59:35Z,celmis-postgres,0.17,33.31,6928.38,0.48,5.05,4.59,4.99,29.7,12
2026-08-20T20:59:35Z,celmis-web,0.01,82.03,6928.38,1.18,0.37,0.48,14.8,0.0,12
2026-08-20T20:59:35Z,celmis-sandbox,0.02,39.85,3072.0,1.30,0.0,0.0,1.86,0.0,3
2026-08-20T20:59:35Z,celmis-qdrant,0.08,246.6,6928.38,3.56,0.04,0.02,71.5,0.01,25
2026-08-20T20:59:41Z,celmis-api,0.88,168.7,6928.38,2.43,27.6,5.51,18.1,25.3,11
2026-08-20T20:59:41Z,celmis-postgres,0.17,30.19,6928.38,0.44,5.06,4.59,4.99,29.7,10
2026-08-20T20:59:41Z,celmis-web,0.00,81.83,6928.38,1.18,0.37,0.48,14.8,0.0,12
2026-08-20T20:59:41Z,celmis-sandbox,0.03,40.03,3072.0,1.30,0.0,0.0,1.86,0.0,3
2026-08-20T20:59:41Z,celmis-qdrant,0.08,246.7,6928.38,3.56,0.04,0.02,71.5,0.01,25
2026-08-20T20:59:47Z,celmis-api,0.18,168.7,6928.38,2.43,27.6,5.51,18.1,25.3,11
2026-08-20T20:59:47Z,celmis-postgres,0.01,30.02,6928.38,0.43,5.06,4.59,4.99,29.7,10
2026-08-20T20:59:47Z,celmis-web,0.00,81.83,6928.38,1.18,0.37,0.48,14.8,0.0,12
2026-08-20T20:59:47Z,celmis-sandbox,0.02,40.03,3072.0,1.30,0.0,0.0,1.86,0.0,3
2026-08-20T20:59:47Z,celmis-qdrant,0.07,246.7,6928.38,3.56,0.04,0.02,71.5,0.01,25
2026-08-20T20:59:52Z,celmis-api,2.10,168.9,6928.38,2.44,27.6,5.51,18.1,25.3,11
2026-08-20T20:59:52Z,celmis-postgres,0.03,30.0,6928.38,0.43,5.06,4.6,4.99,29.7,10
2026-08-20T20:59:52Z,celmis-web,2.59,82.96,6928.38,1.20,0.37,0.48,14.8,0.0,13
2026-08-20T20:59:52Z,celmis-sandbox,0.02,40.03,3072.0,1.30,0.0,0.0,1.86,0.0,3
2026-08-20T20:59:52Z,celmis-qdrant,1.44,246.5,6928.38,3.56,0.04,0.02,71.5,0.01,25
2026-08-20T20:59:58Z,celmis-api,0.21,168.6,6928.38,2.43,27.6,5.51,18.1,25.3,11
2026-08-20T20:59:58Z,celmis-postgres,0.03,30.26,6928.38,0.44,5.06,4.6,4.99,29.7,10
2026-08-20T20:59:58Z,celmis-web,0.01,82.24,6928.38,1.19,0.37,0.48,14.8,0.0,12
2026-08-20T20:59:58Z,celmis-sandbox,0.03,40.03,3072.0,1.30,0.0,0.0,1.86,0.0,3
2026-08-20T20:59:58Z,celmis-qdrant,0.09,246.5,6928.38,3.56,0.04,0.02,71.5,0.01,25
2026-08-20T21:00:03Z,celmis-api,0.18,168.6,6928.38,2.43,27.6,5.51,18.1,25.3,11
2026-08-20T21:00:03Z,celmis-postgres,0.01,30.0,6928.38,0.43,5.06,4.6,4.99,29.7,10
2026-08-20T21:00:03Z,celmis-web,0.00,82.24,6928.38,1.19,0.37,0.48,14.8,0.0,12
2026-08-20T21:00:03Z,celmis-sandbox,0.02,40.03,3072.0,1.30,0.0,0.0,1.86,0.0,3
2026-08-20T21:00:03Z,celmis-qdrant,0.06,246.5,6928.38,3.56,0.04,0.02,71.5,0.01,25
2026-08-20T21:00:08Z,celmis-api,0.21,168.5,6928.38,2.43,27.6,5.51,18.1,25.3,11
2026-08-20T21:00:08Z,celmis-postgres,0.02,29.81,6928.38,0.43,5.07,4.6,4.99,29.7,10
2026-08-20T21:00:08Z,celmis-web,0.01,82.18,6928.38,1.19,0.37,0.48,14.8,0.0,12
2026-08-20T21:00:08Z,celmis-sandbox,0.02,40.2,3072.0,1.31,0.0,0.0,1.86,0.0,3
2026-08-20T21:00:08Z,celmis-qdrant,0.07,246.6,6928.38,3.56,0.04,0.02,71.5,0.01,25
2026-08-20T21:00:14Z,celmis-api,0.20,168.5,6928.38,2.43,27.6,5.51,18.1,25.3,11
2026-08-20T21:00:14Z,celmis-postgres,0.03,29.56,6928.38,0.43,5.07,4.6,4.99,29.7,10
2026-08-20T21:00:14Z,celmis-web,0.01,82.13,6928.38,1.19,0.37,0.48,14.8,0.0,12
2026-08-20T21:00:14Z,celmis-sandbox,0.02,40.2,3072.0,1.31,0.0,0.0,1.86,0.0,3
2026-08-20T21:00:14Z,celmis-qdrant,0.07,246.6,6928.38,3.56,0.04,0.02,71.5,0.01,25
2026-08-20T21:00:20Z,celmis-api,0.19,168.5,6928.38,2.43,27.6,5.52,18.1,25.3,11
2026-08-20T21:00:20Z,celmis-postgres,1.21,30.25,6928.38,0.44,5.07,4.6,4.99,29.7,10
2026-08-20T21:00:20Z,celmis-web,0.00,82.13,6928.38,1.19,0.37,0.48,14.8,0.0,12
2026-08-20T21:00:20Z,celmis-sandbox,0.01,40.2,3072.0,1.31,0.0,0.0,1.86,0.0,3
2026-08-20T21:00:20Z,celmis-qdrant,0.08,246.6,6928.38,3.56,0.04,0.02,71.5,0.01,25
2026-08-20T21:00:25Z,celmis-api,0.59,168.7,6928.38,2.44,27.6,5.52,18.1,25.3,11
2026-08-20T21:00:25Z,celmis-postgres,1.74,30.0,6928.38,0.43,5.07,4.6,4.99,29.7,10
2026-08-20T21:00:25Z,celmis-web,0.00,81.92,6928.38,1.18,0.37,0.48,14.8,0.0,12
2026-08-20T21:00:25Z,celmis-sandbox,0.01,40.2,3072.0,1.31,0.0,0.0,1.86,0.0,3
2026-08-20T21:00:25Z,celmis-qdrant,0.08,246.3,6928.38,3.55,0.04,0.02,71.5,0.01,25
2026-08-20T21:00:31Z,celmis-api,0.84,168.7,6928.38,2.44,27.6,5.52,18.1,25.3,11
2026-08-20T21:00:31Z,celmis-postgres,0.11,30.05,6928.38,0.43,5.07,4.61,4.99,29.7,10
2026-08-20T21:00:31Z,celmis-web,0.00,81.92,6928.38,1.18,0.37,0.48,14.8,0.0,12
2026-08-20T21:00:31Z,celmis-sandbox,0.02,40.2,3072.0,1.31,0.0,0.0,1.86,0.0,3
2026-08-20T21:00:31Z,celmis-qdrant,0.07,246.3,6928.38,3.55,0.04,0.02,71.5,0.01,25
2026-08-20T21:00:37Z,celmis-api,51.74,219.2,6928.38,3.16,27.6,5.52,18.1,25.3,12
2026-08-20T21:00:37Z,celmis-postgres,0.00,29.96,6928.38,0.43,5.07,4.61,4.99,29.7,10
2026-08-20T21:00:37Z,celmis-web,0.00,81.92,6928.38,1.18,0.37,0.48,14.8,0.0,12
2026-08-20T21:00:37Z,celmis-sandbox,14.37,40.37,3072.0,1.31,0.0,0.0,1.86,0.0,3
2026-08-20T21:00:37Z,celmis-qdrant,0.08,246.3,6928.38,3.55,0.04,0.02,71.5,0.01,25
2026-08-20T21:00:42Z,celmis-api,0.63,420.4,6928.38,6.07,27.8,5.65,18.1,25.4,17
2026-08-20T21:00:42Z,celmis-postgres,0.16,33.37,6928.38,0.48,5.09,4.62,4.99,29.7,12
2026-08-20T21:00:42Z,celmis-web,0.01,82.12,6928.38,1.19,0.37,0.48,14.8,0.0,12
2026-08-20T21:00:42Z,celmis-sandbox,0.03,40.37,3072.0,1.31,0.0,0.0,1.86,0.0,3
2026-08-20T21:00:42Z,celmis-qdrant,0.10,246.5,6928.38,3.56,0.04,0.02,71.5,0.01,25
2026-08-20T21:00:47Z,celmis-api,4.00,423.7,6928.38,6.12,27.8,5.73,18.1,25.5,17
2026-08-20T21:00:47Z,celmis-postgres,0.20,33.46,6928.38,0.48,5.09,4.62,4.99,29.7,12
2026-08-20T21:00:47Z,celmis-web,0.01,82.12,6928.38,1.19,0.37,0.48,14.8,0.0,12
2026-08-20T21:00:47Z,celmis-sandbox,0.03,40.37,3072.0,1.31,0.0,0.0,1.86,0.0,3
2026-08-20T21:00:47Z,celmis-qdrant,0.12,246.5,6928.38,3.56,0.04,0.02,71.5,0.01,25
2026-08-20T21:00:52Z,celmis-api,0.33,423.7,6928.38,6.12,27.8,5.74,18.1,25.5,17
2026-08-20T21:00:52Z,celmis-postgres,0.17,33.52,6928.38,0.48,5.09,4.62,4.99,29.7,12
2026-08-20T21:00:52Z,celmis-web,0.01,82.12,6928.38,1.19,0.37,0.48,14.8,0.0,12
2026-08-20T21:00:52Z,celmis-sandbox,0.04,40.37,3072.0,1.31,0.0,0.0,1.86,0.0,3
2026-08-20T21:00:52Z,celmis-qdrant,0.10,246.5,6928.38,3.56,0.04,0.02,71.5,0.01,25
2026-08-20T21:00:58Z,celmis-api,0.33,423.9,6928.38,6.12,27.8,5.76,18.1,25.5,17
2026-08-20T21:00:58Z,celmis-postgres,0.00,33.39,6928.38,0.48,5.09,4.62,4.99,29.7,12
2026-08-20T21:00:58Z,celmis-web,0.01,82.0,6928.38,1.18,0.37,0.48,14.8,0.0,12
2026-08-20T21:00:58Z,celmis-sandbox,0.03,40.37,3072.0,1.31,0.0,0.0,1.86,0.0,3
2026-08-20T21:00:58Z,celmis-qdrant,0.11,246.6,6928.38,3.56,0.04,0.02,71.5,0.01,25
2026-08-20T21:01:04Z,celmis-api,0.30,168.7,6928.38,2.44,27.8,5.77,18.1,25.5,11
2026-08-20T21:01:04Z,celmis-postgres,1.07,29.63,6928.38,0.43,5.1,4.63,4.99,29.7,10
2026-08-20T21:01:04Z,celmis-web,0.00,82.0,6928.38,1.18,0.37,0.48,14.8,0.0,12
2026-08-20T21:01:04Z,celmis-sandbox,0.04,40.37,3072.0,1.31,0.0,0.0,1.86,0.0,3
2026-08-20T21:01:04Z,celmis-qdrant,0.11,246.6,6928.38,3.56,0.04,0.02,71.5,0.01,25
2026-08-20T21:01:09Z,celmis-api,0.26,168.7,6928.38,2.44,27.8,5.77,18.1,25.5,11
2026-08-20T21:01:09Z,celmis-postgres,0.05,29.86,6928.38,0.43,5.1,4.63,4.99,29.8,10
2026-08-20T21:01:09Z,celmis-web,0.00,82.26,6928.38,1.19,0.37,0.48,14.8,0.0,12
2026-08-20T21:01:09Z,celmis-sandbox,0.03,40.04,3072.0,1.30,0.0,0.0,1.86,0.0,3
2026-08-20T21:01:09Z,celmis-qdrant,0.05,246.5,6928.38,3.56,0.04,0.02,71.5,0.01,25
2026-08-20T21:01:15Z,celmis-api,0.25,168.7,6928.38,2.44,27.8,5.77,18.1,25.5,11
2026-08-20T21:01:15Z,celmis-postgres,0.03,30.09,6928.38,0.43,5.1,4.63,4.99,29.8,10
2026-08-20T21:01:15Z,celmis-web,0.00,82.22,6928.38,1.19,0.37,0.48,14.8,0.0,12
2026-08-20T21:01:15Z,celmis-sandbox,0.03,40.04,3072.0,1.30,0.0,0.0,1.86,0.0,3
2026-08-20T21:01:15Z,celmis-qdrant,0.09,246.5,6928.38,3.56,0.04,0.02,71.5,0.01,25
2026-08-20T21:01:20Z,celmis-api,69.67,357.6,6928.38,5.16,27.9,5.78,18.1,25.5,12
2026-08-20T21:01:20Z,celmis-postgres,0.81,29.61,6928.38,0.43,5.1,4.64,4.99,29.8,10
2026-08-20T21:01:20Z,celmis-web,0.00,82.22,6928.38,1.19,0.37,0.48,14.8,0.0,12
2026-08-20T21:01:20Z,celmis-sandbox,0.01,40.04,3072.0,1.30,0.0,0.0,1.86,0.0,3
2026-08-20T21:01:20Z,celmis-qdrant,0.03,246.5,6928.38,3.56,0.04,0.02,71.5,0.01,25
2026-08-20T21:01:26Z,celmis-api,0.27,168.5,6928.38,2.43,27.9,5.78,18.1,25.5,11
2026-08-20T21:01:26Z,celmis-postgres,1.72,29.98,6928.38,0.43,5.1,4.64,4.99,29.8,10
2026-08-20T21:01:26Z,celmis-web,0.00,82.36,6928.38,1.19,0.37,0.48,14.8,0.0,12
2026-08-20T21:01:26Z,celmis-sandbox,0.03,40.04,3072.0,1.30,0.0,0.0,1.86,0.0,3
2026-08-20T21:01:26Z,celmis-qdrant,0.09,246.4,6928.38,3.56,0.04,0.02,71.5,0.01,25
2026-08-20T21:01:31Z,celmis-api,0.99,168.5,6928.38,2.43,27.9,5.79,18.1,25.5,11
2026-08-20T21:01:31Z,celmis-postgres,1.68,30.03,6928.38,0.43,5.1,4.64,4.99,29.8,10
2026-08-20T21:01:31Z,celmis-web,0.00,82.36,6928.38,1.19,0.37,0.48,14.8,0.0,12
2026-08-20T21:01:31Z,celmis-sandbox,0.03,40.04,3072.0,1.30,0.0,0.0,1.86,0.0,3
2026-08-20T21:01:31Z,celmis-qdrant,0.09,246.4,6928.38,3.56,0.04,0.02,71.5,0.01,25
2026-08-20T21:01:37Z,celmis-api,0.56,168.5,6928.38,2.43,27.9,5.79,18.1,25.5,11
2026-08-20T21:01:37Z,celmis-postgres,0.12,29.86,6928.38,0.43,5.11,4.64,4.99,29.8,10
2026-08-20T21:01:37Z,celmis-web,0.00,82.36,6928.38,1.19,0.37,0.48,14.8,0.0,12
2026-08-20T21:01:37Z,celmis-sandbox,13.16,40.21,3072.0,1.31,0.0,0.0,1.86,0.0,3
2026-08-20T21:01:37Z,celmis-qdrant,0.07,246.4,6928.38,3.56,0.04,0.02,71.5,0.01,25
2026-08-20T21:01:42Z,celmis-api,43.72,209.7,6928.38,3.03,28.0,5.79,18.1,25.5,12
2026-08-20T21:01:42Z,celmis-postgres,0.01,30.1,6928.38,0.43,5.11,4.64,4.99,29.8,10
2026-08-20T21:01:42Z,celmis-web,0.00,82.27,6928.38,1.19,0.37,0.48,14.8,0.0,12
2026-08-20T21:01:42Z,celmis-sandbox,0.01,40.21,3072.0,1.31,0.0,0.0,1.86,0.0,3
2026-08-20T21:01:42Z,celmis-qdrant,0.02,246.3,6928.38,3.55,0.04,0.02,71.5,0.01,25
2026-08-20T21:01:48Z,celmis-api,0.42,360.0,6928.38,5.20,28.0,5.8,18.1,25.5,12
2026-08-20T21:01:48Z,celmis-postgres,0.04,29.92,6928.38,0.43,5.11,4.64,4.99,29.8,10
2026-08-20T21:01:48Z,celmis-web,0.01,82.27,6928.38,1.19,0.37,0.48,14.8,0.0,12
2026-08-20T21:01:48Z,celmis-sandbox,0.03,40.21,3072.0,1.31,0.0,0.0,1.86,0.0,3
2026-08-20T21:01:48Z,celmis-qdrant,0.15,246.3,6928.38,3.55,0.04,0.02,71.5,0.01,25
2026-08-20T21:01:54Z,celmis-api,0.23,168.6,6928.38,2.43,28.0,5.8,18.1,25.5,11
2026-08-20T21:01:54Z,celmis-postgres,0.00,29.86,6928.38,0.43,5.11,4.65,4.99,29.8,10
2026-08-20T21:01:54Z,celmis-web,0.01,81.88,6928.38,1.18,0.37,0.48,14.8,0.0,12
2026-08-20T21:01:54Z,celmis-sandbox,0.03,40.21,3072.0,1.31,0.0,0.0,1.86,0.0,3
2026-08-20T21:01:54Z,celmis-qdrant,0.06,246.3,6928.38,3.56,0.04,0.02,71.5,0.01,25
2026-08-20T21:02:00Z,celmis-api,0.25,168.6,6928.38,2.43,28.0,5.8,18.1,25.5,11
2026-08-20T21:02:00Z,celmis-postgres,0.02,30.1,6928.38,0.43,5.11,4.65,4.99,29.8,10
2026-08-20T21:02:00Z,celmis-web,0.03,81.88,6928.38,1.18,0.37,0.48,14.8,0.0,12
2026-08-20T21:02:00Z,celmis-sandbox,0.04,40.21,3072.0,1.31,0.0,0.0,1.86,0.0,3
2026-08-20T21:02:00Z,celmis-qdrant,0.12,246.3,6928.38,3.56,0.04,0.02,71.5,0.01,25
2026-08-20T21:02:05Z,celmis-api,0.26,168.6,6928.38,2.43,28.0,5.8,18.1,25.5,11
2026-08-20T21:02:05Z,celmis-postgres,0.00,30.25,6928.38,0.44,5.11,4.65,4.99,29.8,10
2026-08-20T21:02:05Z,celmis-web,0.01,81.88,6928.38,1.18,0.37,0.48,14.8,0.0,12
2026-08-20T21:02:05Z,celmis-sandbox,0.03,40.21,3072.0,1.31,0.0,0.0,1.86,0.0,3
2026-08-20T21:02:05Z,celmis-qdrant,0.06,246.3,6928.38,3.56,0.04,0.02,71.5,0.01,25
2026-08-20T21:02:10Z,celmis-api,0.32,357.3,6928.38,5.16,28.1,5.81,18.1,25.5,12
2026-08-20T21:02:10Z,celmis-postgres,0.85,30.68,6928.38,0.44,5.12,4.65,4.99,29.8,16
2026-08-20T21:02:10Z,celmis-web,0.01,82.04,6928.38,1.18,0.37,0.48,14.8,0.0,12
2026-08-20T21:02:10Z,celmis-sandbox,0.04,40.13,3072.0,1.31,0.0,0.0,1.86,0.0,3
2026-08-20T21:02:10Z,celmis-qdrant,0.09,246.7,6928.38,3.56,0.04,0.02,71.5,0.01,25
2026-08-20T21:02:16Z,celmis-api,0.26,360.1,6928.38,5.20,28.1,5.82,18.1,25.5,13
2026-08-20T21:02:16Z,celmis-postgres,1.69,30.37,6928.38,0.44,5.12,4.65,4.99,29.8,10
2026-08-20T21:02:16Z,celmis-web,0.01,82.02,6928.38,1.18,0.37,0.48,14.8,0.0,12
2026-08-20T21:02:16Z,celmis-sandbox,0.04,40.13,3072.0,1.31,0.0,0.0,1.86,0.0,3
2026-08-20T21:02:16Z,celmis-qdrant,0.12,246.7,6928.38,3.56,0.04,0.02,71.5,0.01,25
2026-08-20T21:02:21Z,celmis-api,1.61,360.6,6928.38,5.20,28.1,5.82,18.1,25.5,13
2026-08-20T21:02:21Z,celmis-postgres,1.60,30.17,6928.38,0.44,5.12,4.65,4.99,29.8,10
2026-08-20T21:02:21Z,celmis-web,0.00,82.02,6928.38,1.18,0.37,0.48,14.8,0.0,12
2026-08-20T21:02:21Z,celmis-sandbox,0.02,40.13,3072.0,1.31,0.0,0.0,1.86,0.0,3
2026-08-20T21:02:21Z,celmis-qdrant,0.05,246.7,6928.38,3.56,0.04,0.02,71.5,0.01,25
2026-08-20T21:02:27Z,celmis-api,1.24,361.2,6928.38,5.21,28.1,5.82,18.1,25.5,13
2026-08-20T21:02:27Z,celmis-postgres,0.21,30.35,6928.38,0.44,5.12,4.65,4.99,29.8,10
2026-08-20T21:02:27Z,celmis-web,0.01,81.92,6928.38,1.18,0.37,0.48,14.8,0.0,12
2026-08-20T21:02:27Z,celmis-sandbox,0.02,40.13,3072.0,1.31,0.0,0.0,1.86,0.0,3
2026-08-20T21:02:27Z,celmis-qdrant,0.10,246.4,6928.38,3.56,0.04,0.02,71.5,0.01,25
2026-08-20T21:02:32Z,celmis-api,0.25,168.7,6928.38,2.43,28.1,5.83,18.1,25.5,11
2026-08-20T21:02:32Z,celmis-postgres,0.00,29.75,6928.38,0.43,5.12,4.66,4.99,29.8,10
2026-08-20T21:02:32Z,celmis-web,0.00,81.92,6928.38,1.18,0.37,0.48,14.8,0.0,12
2026-08-20T21:02:32Z,celmis-sandbox,0.02,40.13,3072.0,1.31,0.0,0.0,1.86,0.0,3
2026-08-20T21:02:32Z,celmis-qdrant,0.09,246.4,6928.38,3.56,0.04,0.02,71.5,0.01,25
2026-08-20T21:02:38Z,celmis-api,1.46,168.6,6928.38,2.43,28.1,5.83,18.1,25.5,11
2026-08-20T21:02:38Z,celmis-postgres,0.00,29.69,6928.38,0.43,5.13,4.66,4.99,29.8,10
2026-08-20T21:02:38Z,celmis-web,1.95,81.75,6928.38,1.18,0.37,0.48,14.8,0.0,12
2026-08-20T21:02:38Z,celmis-sandbox,0.02,40.32,3072.0,1.31,0.0,0.0,1.86,0.0,3
2026-08-20T21:02:38Z,celmis-qdrant,0.81,246.8,6928.38,3.56,0.04,0.02,71.5,0.01,25
2026-08-20T21:02:44Z,celmis-api,0.20,168.6,6928.38,2.43,28.1,5.83,18.1,25.5,11
2026-08-20T21:02:44Z,celmis-postgres,0.02,29.99,6928.38,0.43,5.13,4.66,4.99,29.8,10
2026-08-20T21:02:44Z,celmis-web,0.01,81.75,6928.38,1.18,0.37,0.48,14.8,0.0,12
2026-08-20T21:02:44Z,celmis-sandbox,0.11,40.32,3072.0,1.31,0.0,0.0,1.86,0.0,3
2026-08-20T21:02:44Z,celmis-qdrant,0.06,246.8,6928.38,3.56,0.04,0.02,71.5,0.01,25
2026-08-20T21:02:50Z,celmis-api,0.16,168.6,6928.38,2.43,28.1,5.83,18.1,25.5,11
2026-08-20T21:02:50Z,celmis-postgres,0.03,29.75,6928.38,0.43,5.13,4.66,4.99,29.8,10
2026-08-20T21:02:50Z,celmis-web,0.00,81.75,6928.38,1.18,0.37,0.48,14.8,0.0,12
2026-08-20T21:02:50Z,celmis-sandbox,0.02,40.32,3072.0,1.31,0.0,0.0,1.86,0.0,3
2026-08-20T21:02:50Z,celmis-qdrant,0.08,246.8,6928.38,3.56,0.04,0.02,71.5,0.01,25
2026-08-20T21:02:55Z,celmis-api,0.14,168.6,6928.38,2.43,28.1,5.83,18.1,25.5,11
2026-08-20T21:02:55Z,celmis-postgres,0.00,29.75,6928.38,0.43,5.13,4.66,4.99,29.8,10
2026-08-20T21:02:55Z,celmis-web,0.01,81.86,6928.38,1.18,0.37,0.48,14.8,0.0,12
2026-08-20T21:02:55Z,celmis-sandbox,0.02,40.32,3072.0,1.31,0.0,0.0,1.86,0.0,3
2026-08-20T21:02:55Z,celmis-qdrant,0.05,246.7,6928.38,3.56,0.04,0.02,71.5,0.01,25
2026-08-20T21:03:00Z,celmis-api,0.23,168.6,6928.38,2.43,28.1,5.83,18.1,25.5,11
2026-08-20T21:03:00Z,celmis-postgres,0.00,29.99,6928.38,0.43,5.13,4.66,4.99,29.8,10
2026-08-20T21:03:00Z,celmis-web,0.00,81.8,6928.38,1.18,0.37,0.48,14.8,0.0,12
2026-08-20T21:03:00Z,celmis-sandbox,0.02,40.32,3072.0,1.31,0.0,0.0,1.86,0.0,3
2026-08-20T21:03:00Z,celmis-qdrant,0.06,246.7,6928.38,3.56,0.04,0.02,71.5,0.01,25
2026-08-20T21:03:06Z,celmis-api,0.18,168.9,6928.38,2.44,28.1,5.84,18.1,25.5,11
2026-08-20T21:03:06Z,celmis-postgres,0.00,29.83,6928.38,0.43,5.13,4.66,4.99,29.8,10
2026-08-20T21:03:06Z,celmis-web,0.00,81.8,6928.38,1.18,0.37,0.48,14.8,0.0,12
2026-08-20T21:03:06Z,celmis-sandbox,0.02,40.32,3072.0,1.31,0.0,0.0,1.86,0.0,3
2026-08-20T21:03:06Z,celmis-qdrant,0.06,246.7,6928.38,3.56,0.04,0.02,71.5,0.01,25
2026-08-20T21:03:11Z,celmis-api,0.55,168.7,6928.38,2.44,28.1,5.84,18.1,25.5,11
2026-08-20T21:03:11Z,celmis-postgres,1.71,30.06,6928.38,0.43,5.14,4.67,4.99,29.9,10
2026-08-20T21:03:11Z,celmis-web,0.00,81.89,6928.38,1.18,0.37,0.48,14.8,0.0,12
2026-08-20T21:03:11Z,celmis-sandbox,0.03,40.5,3072.0,1.32,0.0,0.0,1.86,0.0,3
2026-08-20T21:03:11Z,celmis-qdrant,0.06,246.3,6928.38,3.56,0.04,0.02,71.5,0.01,25
2026-08-20T21:03:17Z,celmis-api,0.68,168.7,6928.38,2.44,28.1,5.84,18.1,25.5,11
2026-08-20T21:03:17Z,celmis-postgres,1.29,30.02,6928.38,0.43,5.14,4.67,4.99,29.9,10
2026-08-20T21:03:17Z,celmis-web,0.01,81.89,6928.38,1.18,0.37,0.48,14.8,0.0,12
2026-08-20T21:03:17Z,celmis-sandbox,0.01,40.5,3072.0,1.32,0.0,0.0,1.86,0.0,3
2026-08-20T21:03:17Z,celmis-qdrant,0.12,246.3,6928.38,3.56,0.04,0.02,71.5,0.01,25
2026-08-20T21:03:22Z,celmis-api,0.17,168.7,6928.38,2.44,28.1,5.84,18.1,25.5,11
2026-08-20T21:03:22Z,celmis-postgres,1.00,29.91,6928.38,0.43,5.14,4.67,4.99,29.9,10
2026-08-20T21:03:22Z,celmis-web,0.00,81.89,6928.38,1.18,0.37,0.48,14.8,0.0,12
2026-08-20T21:03:22Z,celmis-sandbox,0.02,40.5,3072.0,1.32,0.0,0.0,1.86,0.0,3
2026-08-20T21:03:22Z,celmis-qdrant,0.06,246.3,6928.38,3.56,0.04,0.02,71.5,0.01,25
2026-08-20T21:03:28Z,celmis-api,0.20,168.7,6928.38,2.43,28.1,5.84,18.1,25.5,11
2026-08-20T21:03:28Z,celmis-postgres,0.00,30.09,6928.38,0.43,5.14,4.67,4.99,29.9,10
2026-08-20T21:03:28Z,celmis-web,0.01,81.61,6928.38,1.18,0.37,0.48,14.8,0.0,12
2026-08-20T21:03:28Z,celmis-sandbox,0.02,40.5,3072.0,1.32,0.0,0.0,1.86,0.0,3
2026-08-20T21:03:28Z,celmis-qdrant,0.10,246.2,6928.38,3.55,0.04,0.02,71.5,0.01,25
2026-08-20T21:03:34Z,celmis-api,0.17,168.7,6928.38,2.43,28.1,5.84,18.1,25.5,11
2026-08-20T21:03:34Z,celmis-postgres,0.00,29.82,6928.38,0.43,5.14,4.67,4.99,29.9,10
2026-08-20T21:03:34Z,celmis-web,0.00,81.61,6928.38,1.18,0.37,0.48,14.8,0.0,12
2026-08-20T21:03:34Z,celmis-sandbox,0.02,40.5,3072.0,1.32,0.0,0.0,1.86,0.0,3
2026-08-20T21:03:34Z,celmis-qdrant,0.06,246.2,6928.38,3.55,0.04,0.02,71.5,0.01,25
2026-08-20T21:03:40Z,celmis-api,0.18,168.3,6928.38,2.43,28.1,5.85,18.1,25.5,11
2026-08-20T21:03:40Z,celmis-postgres,0.00,30.06,6928.38,0.43,5.14,4.67,4.99,29.9,10
2026-08-20T21:03:40Z,celmis-web,0.00,81.96,6928.38,1.18,0.37,0.48,14.8,0.0,12
2026-08-20T21:03:40Z,celmis-sandbox,0.02,40.17,3072.0,1.31,0.0,0.0,1.86,0.0,3
2026-08-20T21:03:40Z,celmis-qdrant,0.07,246.4,6928.38,3.56,0.04,0.02,71.5,0.01,25
2026-08-20T21:03:45Z,celmis-api,0.18,168.3,6928.38,2.43,28.1,5.85,18.1,25.5,11
2026-08-20T21:03:45Z,celmis-postgres,0.02,29.84,6928.38,0.43,5.14,4.67,4.99,29.9,10
2026-08-20T21:03:45Z,celmis-web,0.02,81.96,6928.38,1.18,0.37,0.48,14.8,0.0,12
2026-08-20T21:03:45Z,celmis-sandbox,0.02,40.17,3072.0,1.31,0.0,0.0,1.86,0.0,3
2026-08-20T21:03:45Z,celmis-qdrant,0.06,246.4,6928.38,3.56,0.04,0.02,71.5,0.01,25
2026-08-20T21:03:50Z,celmis-api,0.20,168.3,6928.38,2.43,28.1,5.85,18.1,25.5,11
2026-08-20T21:03:50Z,celmis-postgres,0.02,30.02,6928.38,0.43,5.15,4.68,4.99,29.9,10
2026-08-20T21:03:50Z,celmis-web,0.00,81.96,6928.38,1.18,0.37,0.48,14.8,0.0,12
2026-08-20T21:03:50Z,celmis-sandbox,0.02,40.17,3072.0,1.31,0.0,0.0,1.86,0.0,3
2026-08-20T21:03:50Z,celmis-qdrant,0.07,246.4,6928.38,3.56,0.04,0.02,71.5,0.01,25
2026-08-20T21:03:56Z,celmis-api,0.21,168.6,6928.38,2.43,28.1,5.85,18.1,25.5,11
2026-08-20T21:03:56Z,celmis-postgres,0.00,30.09,6928.38,0.43,5.15,4.68,4.99,29.9,10
2026-08-20T21:03:56Z,celmis-web,0.00,82.14,6928.38,1.19,0.37,0.48,14.8,0.0,12
2026-08-20T21:03:56Z,celmis-sandbox,0.02,40.17,3072.0,1.31,0.0,0.0,1.86,0.0,3
2026-08-20T21:03:56Z,celmis-qdrant,0.09,246.6,6928.38,3.56,0.04,0.02,71.5,0.01,25
2026-08-20T21:04:01Z,celmis-api,0.19,168.6,6928.38,2.43,28.1,5.85,18.1,25.5,11
2026-08-20T21:04:01Z,celmis-postgres,0.00,29.58,6928.38,0.43,5.15,4.68,4.99,29.9,10
2026-08-20T21:04:01Z,celmis-web,0.01,82.07,6928.38,1.18,0.37,0.48,14.8,0.0,12
2026-08-20T21:04:01Z,celmis-sandbox,0.05,40.17,3072.0,1.31,0.0,0.0,1.86,0.0,3
2026-08-20T21:04:01Z,celmis-qdrant,0.16,246.6,6928.38,3.56,0.04,0.02,71.5,0.01,25
2026-08-20T21:04:06Z,celmis-api,0.18,168.6,6928.38,2.43,28.2,5.85,18.1,25.5,11
2026-08-20T21:04:06Z,celmis-postgres,0.00,29.66,6928.38,0.43,5.15,4.68,4.99,29.9,10
2026-08-20T21:04:06Z,celmis-web,0.00,82.07,6928.38,1.18,0.37,0.48,14.8,0.0,12
2026-08-20T21:04:06Z,celmis-sandbox,0.02,40.17,3072.0,1.31,0.0,0.0,1.86,0.0,3
2026-08-20T21:04:06Z,celmis-qdrant,0.06,246.6,6928.38,3.56,0.04,0.02,71.5,0.01,25
2026-08-20T21:04:11Z,celmis-api,0.54,168.7,6928.38,2.44,28.2,5.86,18.1,25.5,11
2026-08-20T21:04:11Z,celmis-postgres,0.00,29.9,6928.38,0.43,5.15,4.68,4.99,29.9,10
2026-08-20T21:04:11Z,celmis-web,0.00,81.88,6928.38,1.18,0.37,0.48,14.8,0.0,12
2026-08-20T21:04:11Z,celmis-sandbox,0.02,40.35,3072.0,1.31,0.0,0.0,1.86,0.0,3
2026-08-20T21:04:11Z,celmis-qdrant,0.08,246.5,6928.38,3.56,0.04,0.02,71.5,0.01,25
2026-08-20T21:04:17Z,celmis-api,0.59,168.7,6928.38,2.44,28.2,5.86,18.1,25.5,11
2026-08-20T21:04:17Z,celmis-postgres,1.08,29.94,6928.38,0.43,5.15,4.68,4.99,29.9,10
2026-08-20T21:04:17Z,celmis-web,0.00,81.88,6928.38,1.18,0.37,0.48,14.8,0.0,12
2026-08-20T21:04:17Z,celmis-sandbox,0.02,40.35,3072.0,1.31,0.0,0.0,1.86,0.0,3
2026-08-20T21:04:17Z,celmis-qdrant,0.06,246.5,6928.38,3.56,0.04,0.02,71.5,0.01,25
2026-08-20T21:04:22Z,celmis-api,0.52,168.7,6928.38,2.44,28.2,5.86,18.1,25.5,11
2026-08-20T21:04:22Z,celmis-postgres,1.01,30.02,6928.38,0.43,5.16,4.69,4.99,29.9,10
2026-08-20T21:04:22Z,celmis-web,0.00,81.88,6928.38,1.18,0.37,0.48,14.8,0.0,12
2026-08-20T21:04:22Z,celmis-sandbox,0.02,40.35,3072.0,1.31,0.0,0.0,1.86,0.0,3
2026-08-20T21:04:22Z,celmis-qdrant,0.07,246.5,6928.38,3.56,0.04,0.02,71.5,0.01,25
2026-08-20T21:04:28Z,celmis-api,0.17,168.7,6928.38,2.43,28.2,5.86,18.1,25.5,11
2026-08-20T21:04:28Z,celmis-postgres,0.03,30.05,6928.38,0.43,5.16,4.69,4.99,29.9,10
2026-08-20T21:04:28Z,celmis-web,0.00,81.89,6928.38,1.18,0.37,0.48,14.8,0.0,12
2026-08-20T21:04:28Z,celmis-sandbox,0.02,40.35,3072.0,1.31,0.0,0.0,1.86,0.0,3
2026-08-20T21:04:28Z,celmis-qdrant,0.07,246.6,6928.38,3.56,0.04,0.02,71.5,0.01,25
2026-08-20T21:04:34Z,celmis-api,0.20,168.7,6928.38,2.43,28.2,5.86,18.1,25.5,11
2026-08-20T21:04:34Z,celmis-postgres,0.01,29.92,6928.38,0.43,5.16,4.69,4.99,29.9,10
2026-08-20T21:04:34Z,celmis-web,0.00,81.89,6928.38,1.18,0.37,0.48,14.8,0.0,12
2026-08-20T21:04:34Z,celmis-sandbox,0.02,40.35,3072.0,1.31,0.0,0.0,1.86,0.0,3
2026-08-20T21:04:34Z,celmis-qdrant,0.04,246.6,6928.38,3.56,0.04,0.02,71.5,0.01,25
2026-08-20T21:04:40Z,celmis-api,0.22,168.9,6928.38,2.44,28.2,5.86,18.1,25.5,11
2026-08-20T21:04:40Z,celmis-postgres,0.01,29.9,6928.38,0.43,5.16,4.69,4.99,29.9,10
2026-08-20T21:04:40Z,celmis-web,2.02,81.87,6928.38,1.18,0.37,0.48,14.8,0.0,12
2026-08-20T21:04:40Z,celmis-sandbox,0.02,40.27,3072.0,1.31,0.0,0.0,1.86,0.0,3
2026-08-20T21:04:40Z,celmis-qdrant,1.27,246.5,6928.38,3.56,0.04,0.02,71.5,0.01,25
2026-08-20T21:04:45Z,celmis-api,0.33,168.9,6928.38,2.44,28.2,5.87,18.1,25.5,11
2026-08-20T21:04:45Z,celmis-postgres,0.03,29.74,6928.38,0.43,5.16,4.69,4.99,29.9,10
2026-08-20T21:04:45Z,celmis-web,0.04,81.81,6928.38,1.18,0.37,0.48,14.8,0.0,12
2026-08-20T21:04:45Z,celmis-sandbox,0.04,40.27,3072.0,1.31,0.0,0.0,1.86,0.0,3
2026-08-20T21:04:45Z,celmis-qdrant,0.13,246.5,6928.38,3.56,0.04,0.02,71.5,0.01,25
2026-08-20T21:04:50Z,celmis-api,0.26,168.9,6928.38,2.44,28.2,5.87,18.1,25.5,11
2026-08-20T21:04:50Z,celmis-postgres,0.02,29.98,6928.38,0.43,5.16,4.69,4.99,29.9,10
2026-08-20T21:04:50Z,celmis-web,0.00,81.81,6928.38,1.18,0.37,0.48,14.8,0.0,12
2026-08-20T21:04:50Z,celmis-sandbox,0.02,40.27,3072.0,1.31,0.0,0.0,1.86,0.0,3
2026-08-20T21:04:50Z,celmis-qdrant,0.06,246.5,6928.38,3.56,0.04,0.02,71.5,0.01,25
2026-08-20T21:04:56Z,celmis-api,0.15,168.3,6928.38,2.43,28.2,5.87,18.1,25.5,11
2026-08-20T21:04:56Z,celmis-postgres,0.00,29.96,6928.38,0.43,5.16,4.69,4.99,29.9,10
2026-08-20T21:04:56Z,celmis-web,0.00,82.06,6928.38,1.18,0.37,0.48,14.8,0.0,12
2026-08-20T21:04:56Z,celmis-sandbox,0.02,40.27,3072.0,1.31,0.0,0.0,1.86,0.0,3
2026-08-20T21:04:56Z,celmis-qdrant,0.08,246.4,6928.38,3.56,0.04,0.02,71.5,0.01,25
2026-08-20T21:05:01Z,celmis-api,0.44,168.3,6928.38,2.43,28.2,5.87,18.1,25.5,11
2026-08-20T21:05:01Z,celmis-postgres,0.09,29.94,6928.38,0.43,5.17,4.7,4.99,29.9,10
2026-08-20T21:05:01Z,celmis-web,0.00,81.93,6928.38,1.18,0.37,0.48,14.8,0.0,12
2026-08-20T21:05:01Z,celmis-sandbox,0.02,40.27,3072.0,1.31,0.0,0.0,1.86,0.0,3
2026-08-20T21:05:01Z,celmis-qdrant,0.07,246.4,6928.38,3.56,0.04,0.02,71.5,0.01,25
2026-08-20T21:05:07Z,celmis-api,0.83,168.3,6928.38,2.43,28.2,5.87,18.1,25.5,11
2026-08-20T21:05:07Z,celmis-postgres,0.19,29.78,6928.38,0.43,5.17,4.7,4.99,29.9,10
2026-08-20T21:05:07Z,celmis-web,0.00,81.93,6928.38,1.18,0.37,0.48,14.8,0.0,12
2026-08-20T21:05:07Z,celmis-sandbox,0.03,40.27,3072.0,1.31,0.0,0.0,1.86,0.0,3
2026-08-20T21:05:07Z,celmis-qdrant,0.07,246.4,6928.38,3.56,0.04,0.02,71.5,0.01,25
2026-08-20T21:05:12Z,celmis-api,0.51,168.2,6928.38,2.43,28.2,5.87,18.1,25.5,11
2026-08-20T21:05:12Z,celmis-postgres,0.84,29.76,6928.38,0.43,5.17,4.7,4.99,29.9,10
2026-08-20T21:05:12Z,celmis-web,0.00,81.92,6928.38,1.18,0.37,0.48,14.8,0.0,12
2026-08-20T21:05:12Z,celmis-sandbox,0.02,40.45,3072.0,1.32,0.0,0.0,1.86,0.0,3
2026-08-20T21:05:12Z,celmis-qdrant,0.08,246.6,6928.38,3.56,0.04,0.02,71.5,0.01,25
2026-08-20T21:05:18Z,celmis-api,0.31,168.2,6928.38,2.43,28.2,5.88,18.1,25.5,11
2026-08-20T21:05:18Z,celmis-postgres,0.04,30.3,6928.38,0.44,5.17,4.7,4.99,29.9,10
2026-08-20T21:05:18Z,celmis-web,0.00,81.92,6928.38,1.18,0.37,0.48,14.8,0.0,12
2026-08-20T21:05:18Z,celmis-sandbox,0.03,40.45,3072.0,1.32,0.0,0.0,1.86,0.0,3
2026-08-20T21:05:18Z,celmis-qdrant,0.09,246.6,6928.38,3.56,0.04,0.02,71.5,0.01,25
2026-08-20T21:05:24Z,celmis-api,1.39,168.6,6928.38,2.43,28.2,5.88,18.1,25.5,11
2026-08-20T21:05:24Z,celmis-postgres,0.03,30.18,6928.38,0.44,5.17,4.7,4.99,29.9,10
2026-08-20T21:05:24Z,celmis-web,1.10,82.26,6928.38,1.19,0.37,0.48,14.8,0.0,12
2026-08-20T21:05:24Z,celmis-sandbox,0.02,40.45,3072.0,1.32,0.0,0.0,1.86,0.0,3
2026-08-20T21:05:24Z,celmis-qdrant,0.79,246.7,6928.38,3.56,0.04,0.02,71.5,0.01,25
2026-08-20T21:05:29Z,celmis-api,0.35,168.6,6928.38,2.43,28.2,5.88,18.1,25.5,11
2026-08-20T21:05:29Z,celmis-postgres,0.01,29.81,6928.38,0.43,5.17,4.7,4.99,29.9,10
2026-08-20T21:05:29Z,celmis-web,0.03,82.26,6928.38,1.19,0.37,0.48,14.8,0.0,12
2026-08-20T21:05:29Z,celmis-sandbox,0.02,40.45,3072.0,1.32,0.0,0.0,1.86,0.0,3
2026-08-20T21:05:29Z,celmis-qdrant,0.06,246.7,6928.38,3.56,0.04,0.02,71.5,0.01,25
2026-08-20T21:05:35Z,celmis-api,0.20,168.5,6928.38,2.43,28.2,5.88,18.1,25.5,11
2026-08-20T21:05:35Z,celmis-postgres,0.05,30.24,6928.38,0.44,5.18,4.7,4.99,29.9,10
2026-08-20T21:05:35Z,celmis-web,0.01,82.26,6928.38,1.19,0.37,0.48,14.8,0.0,12
2026-08-20T21:05:35Z,celmis-sandbox,0.11,40.45,3072.0,1.32,0.0,0.0,1.86,0.0,3
2026-08-20T21:05:35Z,celmis-qdrant,0.08,246.7,6928.38,3.56,0.04,0.02,71.5,0.01,25
2026-08-20T21:05:40Z,celmis-api,0.19,168.5,6928.38,2.43,28.2,5.88,18.1,25.5,11
2026-08-20T21:05:40Z,celmis-postgres,0.00,29.97,6928.38,0.43,5.18,4.71,4.99,30.0,10
2026-08-20T21:05:40Z,celmis-web,0.01,81.98,6928.38,1.18,0.37,0.48,14.8,0.0,12
2026-08-20T21:05:40Z,celmis-sandbox,0.02,40.38,3072.0,1.31,0.0,0.0,1.86,0.0,3
2026-08-20T21:05:40Z,celmis-qdrant,0.07,246.6,6928.38,3.56,0.04,0.02,71.5,0.01,25
2026-08-20T21:05:46Z,celmis-api,0.18,168.5,6928.38,2.43,28.2,5.88,18.1,25.5,11
2026-08-20T21:05:46Z,celmis-postgres,0.04,30.06,6928.38,0.43,5.18,4.71,4.99,30.0,10
2026-08-20T21:05:46Z,celmis-web,0.00,81.91,6928.38,1.18,0.37,0.48,14.8,0.0,12
2026-08-20T21:05:46Z,celmis-sandbox,0.03,40.38,3072.0,1.31,0.0,0.0,1.86,0.0,3
2026-08-20T21:05:46Z,celmis-qdrant,0.06,246.6,6928.38,3.56,0.04,0.02,71.5,0.01,25
2026-08-20T21:05:51Z,celmis-api,0.55,168.5,6928.38,2.43,28.2,5.89,18.1,25.5,11
2026-08-20T21:05:51Z,celmis-postgres,0.14,29.79,6928.38,0.43,5.18,4.71,4.99,30.0,10
2026-08-20T21:05:51Z,celmis-web,0.00,81.91,6928.38,1.18,0.37,0.48,14.8,0.0,12
2026-08-20T21:05:51Z,celmis-sandbox,0.02,40.38,3072.0,1.31,0.0,0.0,1.86,0.0,3
2026-08-20T21:05:51Z,celmis-qdrant,0.06,246.6,6928.38,3.56,0.04,0.02,71.5,0.01,25
2026-08-20T21:05:57Z,celmis-api,0.75,168.4,6928.38,2.43,28.2,5.89,18.1,25.5,11
2026-08-20T21:05:57Z,celmis-postgres,0.16,30.01,6928.38,0.43,5.18,4.71,4.99,30.0,10
2026-08-20T21:05:57Z,celmis-web,0.01,81.84,6928.38,1.18,0.37,0.48,14.8,0.0,12
2026-08-20T21:05:57Z,celmis-sandbox,0.04,40.38,3072.0,1.31,0.0,0.0,1.86,0.0,3
2026-08-20T21:05:57Z,celmis-qdrant,0.09,246.8,6928.38,3.56,0.04,0.02,71.5,0.01,25
2026-08-20T21:06:02Z,celmis-api,0.16,168.4,6928.38,2.43,28.2,5.89,18.1,25.5,11
2026-08-20T21:06:02Z,celmis-postgres,0.13,30.0,6928.38,0.43,5.18,4.71,4.99,30.0,10
2026-08-20T21:06:02Z,celmis-web,0.00,81.84,6928.38,1.18,0.37,0.48,14.8,0.0,12
2026-08-20T21:06:02Z,celmis-sandbox,0.01,40.38,3072.0,1.31,0.0,0.0,1.86,0.0,3
2026-08-20T21:06:02Z,celmis-qdrant,0.06,246.8,6928.38,3.56,0.04,0.02,71.5,0.01,25
2026-08-20T21:06:08Z,celmis-api,1.68,168.5,6928.38,2.43,28.2,5.89,18.1,25.5,11
2026-08-20T21:06:08Z,celmis-postgres,0.00,30.06,6928.38,0.43,5.19,4.71,4.99,30.0,10
2026-08-20T21:06:08Z,celmis-web,0.00,81.84,6928.38,1.18,0.37,0.48,14.8,0.0,12
2026-08-20T21:06:08Z,celmis-sandbox,13.31,40.3,3072.0,1.31,0.0,0.0,1.86,0.0,3
2026-08-20T21:06:08Z,celmis-qdrant,0.89,246.4,6928.38,3.56,0.04,0.02,71.5,0.01,25
2026-08-20T21:06:14Z,celmis-api,0.22,168.4,6928.38,2.43,28.2,5.89,18.1,25.5,11
2026-08-20T21:06:14Z,celmis-postgres,0.00,30.05,6928.38,0.43,5.19,4.71,4.99,30.0,10
2026-08-20T21:06:14Z,celmis-web,0.01,81.55,6928.38,1.18,0.37,0.48,14.8,0.0,12
2026-08-20T21:06:14Z,celmis-sandbox,0.02,40.3,3072.0,1.31,0.0,0.0,1.86,0.0,3
2026-08-20T21:06:14Z,celmis-qdrant,0.04,246.4,6928.38,3.56,0.04,0.02,71.5,0.01,25
2026-08-20T21:06:19Z,celmis-api,0.20,168.4,6928.38,2.43,28.2,5.89,18.1,25.5,11
2026-08-20T21:06:19Z,celmis-postgres,0.02,30.13,6928.38,0.43,5.19,4.72,4.99,30.0,10
2026-08-20T21:06:19Z,celmis-web,0.00,81.55,6928.38,1.18,0.37,0.48,14.8,0.0,12
2026-08-20T21:06:19Z,celmis-sandbox,0.03,40.3,3072.0,1.31,0.0,0.0,1.86,0.0,3
2026-08-20T21:06:19Z,celmis-qdrant,0.06,246.4,6928.38,3.56,0.04,0.02,71.5,0.01,25
2026-08-20T21:06:25Z,celmis-api,0.20,168.4,6928.38,2.43,28.2,5.89,18.1,25.5,11
2026-08-20T21:06:25Z,celmis-postgres,0.02,30.17,6928.38,0.44,5.19,4.72,4.99,30.0,10
2026-08-20T21:06:25Z,celmis-web,0.02,81.82,6928.38,1.18,0.37,0.48,14.8,0.0,12
2026-08-20T21:06:25Z,celmis-sandbox,0.03,40.3,3072.0,1.31,0.0,0.0,1.86,0.0,3
2026-08-20T21:06:25Z,celmis-qdrant,0.10,246.3,6928.38,3.56,0.04,0.02,71.5,0.01,25
2026-08-20T21:06:30Z,celmis-api,0.14,168.4,6928.38,2.43,28.2,5.9,18.1,25.5,11
2026-08-20T21:06:30Z,celmis-postgres,0.03,29.84,6928.38,0.43,5.19,4.72,4.99,30.0,10
2026-08-20T21:06:30Z,celmis-web,0.00,81.82,6928.38,1.18,0.37,0.48,14.8,0.0,12
2026-08-20T21:06:30Z,celmis-sandbox,0.02,40.3,3072.0,1.31,0.0,0.0,1.86,0.0,3
2026-08-20T21:06:30Z,celmis-qdrant,0.06,246.3,6928.38,3.56,0.04,0.02,71.5,0.01,25
2026-08-20T21:06:36Z,celmis-api,0.18,168.4,6928.38,2.43,28.2,5.9,18.1,25.5,11
2026-08-20T21:06:36Z,celmis-postgres,0.03,29.82,6928.38,0.43,5.19,4.72,4.99,30.0,10
2026-08-20T21:06:36Z,celmis-web,0.01,81.82,6928.38,1.18,0.37,0.48,14.8,0.0,12
2026-08-20T21:06:36Z,celmis-sandbox,0.02,40.3,3072.0,1.31,0.0,0.0,1.86,0.0,3
2026-08-20T21:06:36Z,celmis-qdrant,0.06,246.3,6928.38,3.56,0.04,0.02,71.5,0.01,25
2026-08-20T21:06:41Z,celmis-api,0.51,168.6,6928.38,2.43,28.2,5.9,18.1,25.5,11
2026-08-20T21:06:41Z,celmis-postgres,0.10,29.79,6928.38,0.43,5.2,4.72,4.99,30.0,10
2026-08-20T21:06:41Z,celmis-web,0.00,81.81,6928.38,1.18,0.37,0.48,14.8,0.0,12
2026-08-20T21:06:41Z,celmis-sandbox,0.02,40.48,3072.0,1.32,0.0,0.0,1.86,0.0,3
2026-08-20T21:06:41Z,celmis-qdrant,0.05,246.5,6928.38,3.56,0.04,0.02,71.5,0.01,25
2026-08-20T21:06:47Z,celmis-api,1.16,168.6,6928.38,2.43,28.2,5.9,18.1,25.5,11
2026-08-20T21:06:47Z,celmis-postgres,0.36,29.89,6928.38,0.43,5.2,4.72,4.99,30.0,10
2026-08-20T21:06:47Z,celmis-web,0.00,81.81,6928.38,1.18,0.37,0.48,14.8,0.0,12
2026-08-20T21:06:47Z,celmis-sandbox,0.02,40.48,3072.0,1.32,0.0,0.0,1.86,0.0,3
2026-08-20T21:06:47Z,celmis-qdrant,0.08,246.5,6928.38,3.56,0.04,0.02,71.5,0.01,25
2026-08-20T21:06:52Z,celmis-api,0.15,168.6,6928.38,2.43,28.2,5.9,18.1,25.5,11
2026-08-20T21:06:52Z,celmis-postgres,0.14,29.94,6928.38,0.43,5.2,4.72,4.99,30.0,10
2026-08-20T21:06:52Z,celmis-web,0.00,81.81,6928.38,1.18,0.37,0.48,14.8,0.0,12
2026-08-20T21:06:52Z,celmis-sandbox,0.02,40.48,3072.0,1.32,0.0,0.0,1.86,0.0,3
2026-08-20T21:06:52Z,celmis-qdrant,0.06,246.5,6928.38,3.56,0.04,0.02,71.5,0.01,25
2026-08-20T21:06:58Z,celmis-api,0.16,168.7,6928.38,2.43,28.2,5.9,18.1,25.5,11
2026-08-20T21:06:58Z,celmis-postgres,1.19,30.03,6928.38,0.43,5.2,4.73,4.99,30.0,10
2026-08-20T21:06:58Z,celmis-web,0.00,81.9,6928.38,1.18,0.37,0.48,14.8,0.0,12
2026-08-20T21:06:58Z,celmis-sandbox,0.02,40.48,3072.0,1.32,0.0,0.0,1.86,0.0,3
2026-08-20T21:06:58Z,celmis-qdrant,0.06,246.4,6928.38,3.56,0.04,0.02,71.5,0.01,25
2026-08-20T21:07:04Z,celmis-api,0.24,168.7,6928.38,2.43,28.2,5.91,18.1,25.5,11
2026-08-20T21:07:04Z,celmis-postgres,0.71,29.97,6928.38,0.43,5.2,4.73,4.99,30.0,10
2026-08-20T21:07:04Z,celmis-web,0.00,81.9,6928.38,1.18,0.37,0.48,14.8,0.0,12
2026-08-20T21:07:04Z,celmis-sandbox,0.03,40.48,3072.0,1.32,0.0,0.0,1.86,0.0,3
2026-08-20T21:07:04Z,celmis-qdrant,0.07,246.4,6928.38,3.56,0.04,0.02,71.5,0.01,25
2026-08-20T21:07:09Z,celmis-api,0.17,168.6,6928.38,2.43,28.2,5.91,18.1,25.5,11
2026-08-20T21:07:09Z,celmis-postgres,0.00,29.91,6928.38,0.43,5.21,4.73,4.99,30.0,10
2026-08-20T21:07:09Z,celmis-web,0.01,82.12,6928.38,1.19,0.37,0.48,14.8,0.0,12
2026-08-20T21:07:09Z,celmis-sandbox,0.02,40.19,3072.0,1.31,0.0,0.0,1.86,0.0,3
2026-08-20T21:07:09Z,celmis-qdrant,0.08,246.6,6928.38,3.56,0.04,0.02,71.5,0.01,25
2026-08-20T21:07:15Z,celmis-api,0.18,168.6,6928.38,2.43,28.2,5.91,18.1,25.5,11
2026-08-20T21:07:15Z,celmis-postgres,0.00,29.58,6928.38,0.43,5.21,4.73,4.99,30.0,10
2026-08-20T21:07:15Z,celmis-web,0.01,82.06,6928.38,1.18,0.37,0.48,14.8,0.0,12
2026-08-20T21:07:15Z,celmis-sandbox,0.03,40.14,3072.0,1.31,0.0,0.0,1.86,0.0,3
2026-08-20T21:07:15Z,celmis-qdrant,0.08,246.6,6928.38,3.56,0.04,0.02,71.5,0.01,25
2026-08-20T21:07:20Z,celmis-api,0.24,168.6,6928.38,2.43,28.2,5.91,18.1,25.5,11
2026-08-20T21:07:20Z,celmis-postgres,0.03,30.09,6928.38,0.43,5.21,4.73,4.99,30.0,10
2026-08-20T21:07:20Z,celmis-web,0.00,82.06,6928.38,1.18,0.37,0.48,14.8,0.0,12
2026-08-20T21:07:20Z,celmis-sandbox,0.03,40.14,3072.0,1.31,0.0,0.0,1.86,0.0,3
2026-08-20T21:07:20Z,celmis-qdrant,0.07,246.6,6928.38,3.56,0.04,0.02,71.5,0.01,25
2026-08-20T21:07:26Z,celmis-api,0.17,168.3,6928.38,2.43,28.2,5.91,18.1,25.5,11
2026-08-20T21:07:26Z,celmis-postgres,0.02,29.91,6928.38,0.43,5.21,4.73,4.99,30.0,10
2026-08-20T21:07:26Z,celmis-web,0.00,81.82,6928.38,1.18,0.37,0.48,14.8,0.0,12
2026-08-20T21:07:26Z,celmis-sandbox,0.03,40.14,3072.0,1.31,0.0,0.0,1.86,0.0,3
2026-08-20T21:07:26Z,celmis-qdrant,0.06,246.4,6928.38,3.56,0.04,0.02,71.5,0.01,25
2026-08-20T21:07:31Z,celmis-api,0.59,168.5,6928.38,2.43,28.2,5.91,18.1,25.5,11
2026-08-20T21:07:31Z,celmis-postgres,0.10,29.89,6928.38,0.43,5.21,4.74,4.99,30.0,10
2026-08-20T21:07:31Z,celmis-web,0.00,81.82,6928.38,1.18,0.37,0.48,14.8,0.0,12
2026-08-20T21:07:31Z,celmis-sandbox,0.02,40.14,3072.0,1.31,0.0,0.0,1.86,0.0,3
2026-08-20T21:07:31Z,celmis-qdrant,0.05,246.4,6928.38,3.56,0.04,0.02,71.5,0.01,25
2026-08-20T21:07:37Z,celmis-api,0.58,168.5,6928.38,2.43,28.2,5.92,18.1,25.5,11
2026-08-20T21:07:37Z,celmis-postgres,0.12,29.89,6928.38,0.43,5.21,4.74,4.99,30.0,10
2026-08-20T21:07:37Z,celmis-web,0.00,81.82,6928.38,1.18,0.37,0.48,14.8,0.0,12
2026-08-20T21:07:37Z,celmis-sandbox,0.02,40.14,3072.0,1.31,0.0,0.0,1.86,0.0,3
2026-08-20T21:07:37Z,celmis-qdrant,0.08,246.4,6928.38,3.56,0.04,0.02,71.5,0.01,25
2026-08-20T21:07:42Z,celmis-api,0.21,168.3,6928.38,2.43,28.2,5.92,18.1,25.5,11
2026-08-20T21:07:42Z,celmis-postgres,0.03,29.86,6928.38,0.43,5.22,4.74,4.99,30.1,10
2026-08-20T21:07:42Z,celmis-web,0.00,81.77,6928.38,1.18,0.37,0.48,14.8,0.0,12
2026-08-20T21:07:42Z,celmis-sandbox,0.03,40.58,3072.0,1.32,0.0,0.0,1.86,0.0,3
2026-08-20T21:07:42Z,celmis-qdrant,0.06,246.6,6928.38,3.56,0.04,0.02,71.5,0.01,25
2026-08-20T21:07:48Z,celmis-api,0.15,168.3,6928.38,2.43,28.2,5.92,18.1,25.5,11
2026-08-20T21:07:48Z,celmis-postgres,1.10,30.22,6928.38,0.44,5.22,4.74,4.99,30.1,10
2026-08-20T21:07:48Z,celmis-web,0.01,81.75,6928.38,1.18,0.37,0.48,14.8,0.0,12
2026-08-20T21:07:48Z,celmis-sandbox,0.02,40.57,3072.0,1.32,0.0,0.0,1.86,0.0,3
2026-08-20T21:07:48Z,celmis-qdrant,0.06,246.6,6928.38,3.56,0.04,0.02,71.5,0.01,25
2026-08-20T21:07:54Z,celmis-api,0.17,168.3,6928.38,2.43,28.2,5.92,18.1,25.5,11
2026-08-20T21:07:54Z,celmis-postgres,0.02,29.9,6928.38,0.43,5.22,4.74,4.99,30.1,10
2026-08-20T21:07:54Z,celmis-web,1.33,81.77,6928.38,1.18,0.37,0.48,14.8,0.0,12
2026-08-20T21:07:54Z,celmis-sandbox,0.04,40.57,3072.0,1.32,0.0,0.0,1.86,0.0,3
2026-08-20T21:07:54Z,celmis-qdrant,1.19,246.5,6928.38,3.56,0.04,0.02,71.5,0.01,25
2026-08-20T21:07:59Z,celmis-api,0.25,168.4,6928.38,2.43,28.2,5.92,18.1,25.5,11
2026-08-20T21:07:59Z,celmis-postgres,0.00,29.91,6928.38,0.43,5.22,4.74,4.99,30.1,10
2026-08-20T21:07:59Z,celmis-web,0.05,81.72,6928.38,1.18,0.37,0.48,14.8,0.0,12
2026-08-20T21:07:59Z,celmis-sandbox,0.11,40.57,3072.0,1.32,0.0,0.0,1.86,0.0,3
2026-08-20T21:07:59Z,celmis-qdrant,0.13,246.5,6928.38,3.56,0.04,0.02,71.5,0.01,25
2026-08-20T21:08:05Z,celmis-api,0.16,168.4,6928.38,2.43,28.2,5.92,18.1,25.5,11
2026-08-20T21:08:05Z,celmis-postgres,0.29,29.99,6928.38,0.43,5.22,4.74,4.99,30.1,10
2026-08-20T21:08:05Z,celmis-web,0.00,81.72,6928.38,1.18,0.37,0.48,14.8,0.0,12
2026-08-20T21:08:05Z,celmis-sandbox,0.02,40.57,3072.0,1.32,0.0,0.0,1.86,0.0,3
2026-08-20T21:08:05Z,celmis-qdrant,0.07,246.5,6928.38,3.56,0.04,0.02,71.5,0.01,25
2026-08-20T21:08:10Z,celmis-api,0.17,168.6,6928.38,2.43,28.2,5.93,18.1,25.5,11
2026-08-20T21:08:10Z,celmis-postgres,0.03,29.92,6928.38,0.43,5.22,4.75,4.99,30.1,10
2026-08-20T21:08:10Z,celmis-web,0.00,81.71,6928.38,1.18,0.37,0.48,14.8,0.0,12
2026-08-20T21:08:10Z,celmis-sandbox,0.02,40.24,3072.0,1.31,0.0,0.0,1.86,0.0,3
2026-08-20T21:08:10Z,celmis-qdrant,0.06,246.7,6928.38,3.56,0.04,0.02,71.5,0.01,25
2026-08-20T21:08:16Z,celmis-api,0.20,168.6,6928.38,2.43,28.2,5.93,18.1,25.5,11
2026-08-20T21:08:16Z,celmis-postgres,0.06,29.66,6928.38,0.43,5.22,4.75,4.99,30.1,10
2026-08-20T21:08:16Z,celmis-web,0.01,81.71,6928.38,1.18,0.37,0.48,14.8,0.0,12
2026-08-20T21:08:16Z,celmis-sandbox,0.02,40.24,3072.0,1.31,0.0,0.0,1.86,0.0,3
2026-08-20T21:08:16Z,celmis-qdrant,0.08,246.7,6928.38,3.56,0.04,0.02,71.5,0.01,25
2026-08-20T21:08:21Z,celmis-api,0.16,168.6,6928.38,2.43,28.2,5.93,18.1,25.5,11
2026-08-20T21:08:21Z,celmis-postgres,0.00,29.65,6928.38,0.43,5.23,4.75,4.99,30.1,10
2026-08-20T21:08:21Z,celmis-web,0.00,81.71,6928.38,1.18,0.37,0.48,14.8,0.0,12
2026-08-20T21:08:21Z,celmis-sandbox,0.03,40.24,3072.0,1.31,0.0,0.0,1.86,0.0,3
2026-08-20T21:08:21Z,celmis-qdrant,0.07,246.7,6928.38,3.56,0.04,0.02,71.5,0.01,25
2026-08-20T21:08:26Z,celmis-api,0.22,168.6,6928.38,2.43,28.2,5.93,18.1,25.5,11
2026-08-20T21:08:26Z,celmis-postgres,0.00,29.95,6928.38,0.43,5.23,4.75,4.99,30.1,10
2026-08-20T21:08:26Z,celmis-web,0.01,81.9,6928.38,1.18,0.37,0.48,14.8,0.0,12
2026-08-20T21:08:26Z,celmis-sandbox,0.02,40.24,3072.0,1.31,0.0,0.0,1.86,0.0,3
2026-08-20T21:08:26Z,celmis-qdrant,0.07,246.6,6928.38,3.56,0.04,0.02,71.5,0.01,25
2026-08-20T21:08:31Z,celmis-api,1.31,168.8,6928.38,2.44,28.2,5.93,18.1,25.5,11
2026-08-20T21:08:31Z,celmis-postgres,0.24,30.19,6928.38,0.44,5.23,4.75,4.99,30.1,10
2026-08-20T21:08:31Z,celmis-web,0.00,81.9,6928.38,1.18,0.37,0.48,14.8,0.0,12
2026-08-20T21:08:31Z,celmis-sandbox,0.03,40.24,3072.0,1.31,0.0,0.0,1.86,0.0,3
2026-08-20T21:08:31Z,celmis-qdrant,0.07,246.6,6928.38,3.56,0.04,0.02,71.5,0.01,25
2026-08-20T21:08:37Z,celmis-api,0.49,168.8,6928.38,2.44,28.2,5.93,18.1,25.5,11
2026-08-20T21:08:37Z,celmis-postgres,0.10,30.16,6928.38,0.44,5.23,4.75,4.99,30.1,10
2026-08-20T21:08:37Z,celmis-web,0.00,81.9,6928.38,1.18,0.37,0.48,14.8,0.0,12
2026-08-20T21:08:37Z,celmis-sandbox,0.01,40.24,3072.0,1.31,0.0,0.0,1.86,0.0,3
2026-08-20T21:08:37Z,celmis-qdrant,0.07,246.6,6928.38,3.56,0.04,0.02,71.5,0.01,25
2026-08-20T21:08:42Z,celmis-api,0.24,168.7,6928.38,2.44,28.2,5.94,18.1,25.5,11
2026-08-20T21:08:42Z,celmis-postgres,0.03,30.15,6928.38,0.44,5.23,4.75,4.99,30.1,10
2026-08-20T21:08:42Z,celmis-web,0.01,81.54,6928.38,1.18,0.37,0.48,14.8,0.0,12
2026-08-20T21:08:42Z,celmis-sandbox,0.03,40.41,3072.0,1.32,0.0,0.0,1.86,0.0,3
2026-08-20T21:08:42Z,celmis-qdrant,0.08,246.5,6928.38,3.56,0.04,0.02,71.5,0.01,25
2026-08-20T21:08:48Z,celmis-api,0.38,168.7,6928.38,2.44,28.2,5.94,18.1,25.5,11
2026-08-20T21:08:48Z,celmis-postgres,0.02,29.97,6928.38,0.43,5.23,4.76,4.99,30.1,10
2026-08-20T21:08:48Z,celmis-web,0.00,81.54,6928.38,1.18,0.37,0.48,14.8,0.0,12
2026-08-20T21:08:48Z,celmis-sandbox,0.02,40.41,3072.0,1.32,0.0,0.0,1.86,0.0,3
2026-08-20T21:08:48Z,celmis-qdrant,0.08,246.5,6928.38,3.56,0.04,0.02,71.5,0.01,25
2026-08-20T21:08:54Z,celmis-api,1.31,168.6,6928.38,2.43,28.2,5.94,18.1,25.5,11
2026-08-20T21:08:54Z,celmis-postgres,1.17,29.97,6928.38,0.43,5.24,4.76,4.99,30.1,10
2026-08-20T21:08:54Z,celmis-web,1.54,81.86,6928.38,1.18,0.37,0.48,14.8,0.0,12
2026-08-20T21:08:54Z,celmis-sandbox,0.02,40.41,3072.0,1.32,0.0,0.0,1.86,0.0,3
2026-08-20T21:08:54Z,celmis-qdrant,0.07,246.5,6928.38,3.56,0.04,0.02,71.5,0.01,25
2026-08-20T21:08:59Z,celmis-api,0.18,168.6,6928.38,2.43,28.2,5.94,18.1,25.5,11
2026-08-20T21:08:59Z,celmis-postgres,0.01,30.02,6928.38,0.43,5.24,4.76,4.99,30.1,10
2026-08-20T21:08:59Z,celmis-web,0.02,81.78,6928.38,1.18,0.37,0.48,14.8,0.0,12
2026-08-20T21:08:59Z,celmis-sandbox,0.03,40.41,3072.0,1.32,0.0,0.0,1.86,0.0,3
2026-08-20T21:08:59Z,celmis-qdrant,0.07,246.7,6928.38,3.56,0.04,0.02,71.5,0.01,25
2026-08-20T21:09:05Z,celmis-api,0.20,168.6,6928.38,2.43,28.2,5.94,18.1,25.5,11
2026-08-20T21:09:05Z,celmis-postgres,0.49,29.86,6928.38,0.43,5.24,4.76,4.99,30.1,10
2026-08-20T21:09:05Z,celmis-web,0.00,81.78,6928.38,1.18,0.37,0.48,14.8,0.0,12
2026-08-20T21:09:05Z,celmis-sandbox,0.02,40.41,3072.0,1.32,0.0,0.0,1.86,0.0,3
2026-08-20T21:09:05Z,celmis-qdrant,0.06,246.7,6928.38,3.56,0.04,0.02,71.5,0.01,25
2026-08-20T21:09:10Z,celmis-api,0.14,168.5,6928.38,2.43,28.2,5.94,18.1,25.5,11
2026-08-20T21:09:10Z,celmis-postgres,0.02,29.96,6928.38,0.43,5.24,4.76,4.99,30.1,10
2026-08-20T21:09:10Z,celmis-web,0.01,81.78,6928.38,1.18,0.37,0.48,14.8,0.0,12
2026-08-20T21:09:10Z,celmis-sandbox,0.02,40.61,3072.0,1.32,0.0,0.0,1.86,0.0,3
2026-08-20T21:09:10Z,celmis-qdrant,0.67,246.6,6928.38,3.56,0.04,0.02,71.5,0.01,25
2026-08-20T21:09:16Z,celmis-api,0.20,168.5,6928.38,2.43,28.2,5.94,18.1,25.5,11
2026-08-20T21:09:16Z,celmis-postgres,0.03,29.94,6928.38,0.43,5.24,4.76,4.99,30.1,10
2026-08-20T21:09:16Z,celmis-web,0.00,81.78,6928.38,1.18,0.37,0.48,14.8,0.0,12
2026-08-20T21:09:16Z,celmis-sandbox,0.02,40.6,3072.0,1.32,0.0,0.0,1.86,0.0,3
2026-08-20T21:09:16Z,celmis-qdrant,0.07,246.6,6928.38,3.56,0.04,0.02,71.5,0.01,25
2026-08-20T21:09:21Z,celmis-api,1.98,168.5,6928.38,2.43,28.2,5.95,18.1,25.5,11
2026-08-20T21:09:21Z,celmis-postgres,0.39,30.18,6928.38,0.44,5.24,4.76,4.99,30.1,10
2026-08-20T21:09:21Z,celmis-web,0.00,81.78,6928.38,1.18,0.37,0.48,14.8,0.0,12
2026-08-20T21:09:21Z,celmis-sandbox,0.01,40.6,3072.0,1.32,0.0,0.0,1.86,0.0,3
2026-08-20T21:09:21Z,celmis-qdrant,0.13,246.6,6928.38,3.56,0.04,0.02,71.5,0.01,25
2026-08-20T21:09:27Z,celmis-api,0.46,168.5,6928.38,2.43,28.2,5.95,18.1,25.5,11
2026-08-20T21:09:27Z,celmis-postgres,0.08,30.0,6928.38,0.43,5.25,4.77,4.99,30.1,10
2026-08-20T21:09:27Z,celmis-web,0.00,82.05,6928.38,1.18,0.37,0.48,14.8,0.0,12
2026-08-20T21:09:27Z,celmis-sandbox,0.03,40.6,3072.0,1.32,0.0,0.0,1.86,0.0,3
2026-08-20T21:09:27Z,celmis-qdrant,0.16,246.5,6928.38,3.56,0.04,0.02,71.5,0.01,25
2026-08-20T21:09:32Z,celmis-api,0.19,168.5,6928.38,2.43,28.2,5.95,18.1,25.5,11
2026-08-20T21:09:32Z,celmis-postgres,0.00,29.98,6928.38,0.43,5.25,4.77,4.99,30.1,10
2026-08-20T21:09:32Z,celmis-web,0.00,82.05,6928.38,1.18,0.37,0.48,14.8,0.0,12
2026-08-20T21:09:32Z,celmis-sandbox,0.03,40.6,3072.0,1.32,0.0,0.0,1.86,0.0,3
2026-08-20T21:09:32Z,celmis-qdrant,0.07,246.5,6928.38,3.56,0.04,0.02,71.5,0.01,25
2026-08-20T21:09:38Z,celmis-api,0.18,168.5,6928.38,2.43,28.2,5.95,18.1,25.5,11
2026-08-20T21:09:38Z,celmis-postgres,0.00,29.79,6928.38,0.43,5.25,4.77,4.99,30.2,10
2026-08-20T21:09:38Z,celmis-web,0.00,82.05,6928.38,1.18,0.37,0.48,14.8,0.0,12
2026-08-20T21:09:38Z,celmis-sandbox,0.02,40.6,3072.0,1.32,0.0,0.0,1.86,0.0,3
2026-08-20T21:09:38Z,celmis-qdrant,0.07,246.5,6928.38,3.56,0.04,0.02,71.5,0.01,25
2026-08-20T21:09:44Z,celmis-api,0.20,168.8,6928.38,2.44,28.2,5.95,18.1,25.5,11
2026-08-20T21:09:44Z,celmis-postgres,1.95,30.31,6928.38,0.44,5.25,4.77,4.99,30.2,10
2026-08-20T21:09:44Z,celmis-web,0.00,81.83,6928.38,1.18,0.37,0.48,14.8,0.0,12
2026-08-20T21:09:44Z,celmis-sandbox,0.03,40.78,3072.0,1.33,0.0,0.0,1.86,0.0,3
2026-08-20T21:09:44Z,celmis-qdrant,0.05,246.6,6928.38,3.56,0.04,0.02,71.5,0.01,25
2026-08-20T21:09:50Z,celmis-api,0.17,168.8,6928.38,2.44,28.2,5.95,18.1,25.5,11
2026-08-20T21:09:50Z,celmis-postgres,0.03,30.16,6928.38,0.44,5.25,4.77,4.99,30.2,10
2026-08-20T21:09:50Z,celmis-web,0.01,81.83,6928.38,1.18,0.37,0.48,14.8,0.0,12
2026-08-20T21:09:50Z,celmis-sandbox,0.02,40.78,3072.0,1.33,0.0,0.0,1.86,0.0,3
2026-08-20T21:09:50Z,celmis-qdrant,0.12,246.6,6928.38,3.56,0.04,0.02,71.5,0.01,25
2026-08-20T21:09:56Z,celmis-api,0.17,168.7,6928.38,2.44,28.2,5.96,18.1,25.5,11
2026-08-20T21:09:56Z,celmis-postgres,0.00,29.83,6928.38,0.43,5.25,4.77,4.99,30.2,10
2026-08-20T21:09:56Z,celmis-web,0.00,82.04,6928.38,1.18,0.37,0.48,14.8,0.0,12
2026-08-20T21:09:56Z,celmis-sandbox,0.02,40.78,3072.0,1.33,0.0,0.0,1.86,0.0,3
2026-08-20T21:09:56Z,celmis-qdrant,0.09,246.5,6928.38,3.56,0.04,0.02,71.5,0.01,25
2026-08-20T21:10:01Z,celmis-api,0.97,168.7,6928.38,2.44,28.2,5.96,18.1,25.5,11
2026-08-20T21:10:01Z,celmis-postgres,0.36,29.85,6928.38,0.43,5.26,4.77,4.99,30.2,10
2026-08-20T21:10:01Z,celmis-web,0.01,82.04,6928.38,1.18,0.37,0.48,14.8,0.0,12
2026-08-20T21:10:01Z,celmis-sandbox,0.01,40.78,3072.0,1.33,0.0,0.0,1.86,0.0,3
2026-08-20T21:10:01Z,celmis-qdrant,0.06,246.5,6928.38,3.56,0.04,0.02,71.5,0.01,25
2026-08-20T21:10:07Z,celmis-api,0.41,168.7,6928.38,2.44,28.2,5.96,18.1,25.5,11
2026-08-20T21:10:07Z,celmis-postgres,0.10,29.9,6928.38,0.43,5.26,4.78,4.99,30.2,10
2026-08-20T21:10:07Z,celmis-web,0.00,82.04,6928.38,1.18,0.37,0.48,14.8,0.0,12
2026-08-20T21:10:07Z,celmis-sandbox,0.02,40.78,3072.0,1.33,0.0,0.0,1.86,0.0,3
2026-08-20T21:10:07Z,celmis-qdrant,0.06,246.5,6928.38,3.56,0.04,0.02,71.5,0.01,25
2026-08-20T21:10:12Z,celmis-api,0.61,168.6,6928.38,2.43,28.3,5.96,18.1,25.5,11
2026-08-20T21:10:12Z,celmis-postgres,0.03,30.12,6928.38,0.43,5.26,4.78,4.99,30.2,10
2026-08-20T21:10:12Z,celmis-web,0.00,82.1,6928.38,1.18,0.37,0.48,14.8,0.0,12
2026-08-20T21:10:12Z,celmis-sandbox,0.03,40.7,3072.0,1.32,0.0,0.0,1.86,0.0,3
2026-08-20T21:10:12Z,celmis-qdrant,0.08,246.5,6928.38,3.56,0.04,0.02,71.5,0.01,25
2026-08-20T21:10:18Z,celmis-api,0.22,168.6,6928.38,2.43,28.3,5.96,18.1,25.5,11
2026-08-20T21:10:18Z,celmis-postgres,0.03,29.85,6928.38,0.43,5.26,4.78,4.99,30.2,10
2026-08-20T21:10:18Z,celmis-web,0.00,82.1,6928.38,1.18,0.37,0.48,14.8,0.0,12
2026-08-20T21:10:18Z,celmis-sandbox,0.02,40.7,3072.0,1.32,0.0,0.0,1.86,0.0,3
2026-08-20T21:10:18Z,celmis-qdrant,0.06,246.5,6928.38,3.56,0.04,0.02,71.5,0.01,25
2026-08-20T21:10:24Z,celmis-api,1.25,168.8,6928.38,2.44,28.3,5.96,18.1,25.5,11
2026-08-20T21:10:24Z,celmis-postgres,1.76,29.79,6928.38,0.43,5.26,4.78,4.99,30.2,10
2026-08-20T21:10:24Z,celmis-web,1.18,81.87,6928.38,1.18,0.37,0.48,14.8,0.0,12
2026-08-20T21:10:24Z,celmis-sandbox,0.02,40.7,3072.0,1.32,0.0,0.0,1.86,0.0,3
2026-08-20T21:10:24Z,celmis-qdrant,0.04,246.5,6928.38,3.56,0.04,0.02,71.5,0.01,25
2026-08-20T21:10:30Z,celmis-api,0.39,168.8,6928.38,2.44,28.3,5.97,18.1,25.5,11
2026-08-20T21:10:30Z,celmis-postgres,0.00,29.65,6928.38,0.43,5.26,4.78,4.99,30.2,10
2026-08-20T21:10:30Z,celmis-web,0.03,81.87,6928.38,1.18,0.37,0.48,14.8,0.0,12
2026-08-20T21:10:30Z,celmis-sandbox,0.10,40.7,3072.0,1.32,0.0,0.0,1.86,0.0,3
2026-08-20T21:10:30Z,celmis-qdrant,0.10,246.7,6928.38,3.56,0.04,0.02,71.5,0.01,25
2026-08-20T21:10:36Z,celmis-api,0.15,168.8,6928.38,2.44,28.3,5.97,18.1,25.5,11
2026-08-20T21:10:36Z,celmis-postgres,0.00,29.92,6928.38,0.43,5.26,4.78,4.99,30.2,10
2026-08-20T21:10:36Z,celmis-web,0.00,81.87,6928.38,1.18,0.37,0.48,14.8,0.0,12
2026-08-20T21:10:36Z,celmis-sandbox,0.03,40.7,3072.0,1.32,0.0,0.0,1.86,0.0,3
2026-08-20T21:10:36Z,celmis-qdrant,0.07,246.7,6928.38,3.56,0.04,0.02,71.5,0.01,25
2026-08-20T21:10:41Z,celmis-api,0.54,168.7,6928.38,2.44,28.3,5.97,18.1,25.5,11
2026-08-20T21:10:41Z,celmis-postgres,0.20,29.62,6928.38,0.43,5.27,4.79,4.99,30.2,10
2026-08-20T21:10:41Z,celmis-web,0.01,81.95,6928.38,1.18,0.37,0.48,14.8,0.0,12
2026-08-20T21:10:41Z,celmis-sandbox,0.02,40.61,3072.0,1.32,0.0,0.0,1.86,0.0,3
2026-08-20T21:10:41Z,celmis-qdrant,0.07,246.3,6928.38,3.56,0.04,0.02,71.5,0.01,25
2026-08-20T21:10:47Z,celmis-api,0.59,168.7,6928.38,2.44,28.3,5.97,18.1,25.5,11
2026-08-20T21:10:47Z,celmis-postgres,0.14,29.96,6928.38,0.43,5.27,4.79,4.99,30.2,10
2026-08-20T21:10:47Z,celmis-web,0.01,81.95,6928.38,1.18,0.37,0.48,14.8,0.0,12
2026-08-20T21:10:47Z,celmis-sandbox,0.02,40.61,3072.0,1.32,0.0,0.0,1.86,0.0,3
2026-08-20T21:10:47Z,celmis-qdrant,0.07,246.3,6928.38,3.56,0.04,0.02,71.5,0.01,25
2026-08-20T21:10:52Z,celmis-api,0.21,168.7,6928.38,2.44,28.3,5.97,18.1,25.5,11
2026-08-20T21:10:52Z,celmis-postgres,0.00,29.93,6928.38,0.43,5.27,4.79,4.99,30.2,10
2026-08-20T21:10:52Z,celmis-web,0.01,81.95,6928.38,1.18,0.37,0.48,14.8,0.0,12
2026-08-20T21:10:52Z,celmis-sandbox,0.02,40.61,3072.0,1.32,0.0,0.0,1.86,0.0,3
2026-08-20T21:10:52Z,celmis-qdrant,0.12,246.3,6928.38,3.56,0.04,0.02,71.5,0.01,25
2026-08-20T21:10:58Z,celmis-api,0.17,168.6,6928.38,2.43,28.3,5.97,18.1,25.5,11
2026-08-20T21:10:58Z,celmis-postgres,0.00,29.68,6928.38,0.43,5.27,4.79,4.99,30.2,10
2026-08-20T21:10:58Z,celmis-web,0.00,81.96,6928.38,1.18,0.37,0.48,14.8,0.0,12
2026-08-20T21:10:58Z,celmis-sandbox,0.02,40.61,3072.0,1.32,0.0,0.0,1.86,0.0,3
2026-08-20T21:10:58Z,celmis-qdrant,0.07,246.5,6928.38,3.56,0.04,0.02,71.5,0.01,25
2026-08-20T21:11:04Z,celmis-api,37.21,359.6,6928.38,5.19,28.4,5.98,18.1,25.5,12
2026-08-20T21:11:04Z,celmis-postgres,1.18,30.09,6928.38,0.43,5.27,4.79,4.99,30.2,10
2026-08-20T21:11:04Z,celmis-web,0.01,81.96,6928.38,1.18,0.37,0.48,14.8,0.0,12
2026-08-20T21:11:04Z,celmis-sandbox,0.04,40.61,3072.0,1.32,0.0,0.0,1.86,0.0,3
2026-08-20T21:11:04Z,celmis-qdrant,0.04,246.5,6928.38,3.56,0.04,0.02,71.5,0.01,25
2026-08-20T21:11:10Z,celmis-api,3.31,359.3,6928.38,5.19,28.4,5.98,18.1,25.5,12
2026-08-20T21:11:10Z,celmis-postgres,1.34,30.22,6928.38,0.44,5.28,4.79,4.99,30.2,10
2026-08-20T21:11:10Z,celmis-web,3.27,81.95,6928.38,1.18,0.37,0.48,14.8,0.0,12
2026-08-20T21:11:10Z,celmis-sandbox,13.82,40.59,3072.0,1.32,0.0,0.0,1.86,0.0,3
2026-08-20T21:11:10Z,celmis-qdrant,0.10,246.5,6928.38,3.56,0.04,0.02,71.5,0.01,25
2026-08-20T21:11:15Z,celmis-api,0.17,359.3,6928.38,5.19,28.4,5.99,18.1,25.5,12
2026-08-20T21:11:15Z,celmis-postgres,1.16,29.83,6928.38,0.43,5.28,4.79,4.99,30.2,10
2026-08-20T21:11:15Z,celmis-web,0.00,81.95,6928.38,1.18,0.37,0.48,14.8,0.0,12
2026-08-20T21:11:15Z,celmis-sandbox,0.03,40.54,3072.0,1.32,0.0,0.0,1.86,0.0,3
2026-08-20T21:11:15Z,celmis-qdrant,0.08,246.7,6928.38,3.56,0.04,0.02,71.5,0.01,25
2026-08-20T21:11:20Z,celmis-api,2.69,362.1,6928.38,5.23,28.4,5.99,18.1,25.5,13
2026-08-20T21:11:20Z,celmis-postgres,0.03,29.8,6928.38,0.43,5.28,4.8,4.99,30.2,10
2026-08-20T21:11:20Z,celmis-web,0.00,81.95,6928.38,1.18,0.37,0.48,14.8,0.0,12
2026-08-20T21:11:20Z,celmis-sandbox,0.02,40.54,3072.0,1.32,0.0,0.0,1.86,0.0,3
2026-08-20T21:11:20Z,celmis-qdrant,0.09,246.7,6928.38,3.56,0.04,0.02,71.5,0.01,25
2026-08-20T21:11:26Z,celmis-api,0.18,362.0,6928.38,5.22,28.4,5.99,18.1,25.5,13
2026-08-20T21:11:26Z,celmis-postgres,0.00,29.86,6928.38,0.43,5.28,4.8,4.99,30.2,10
2026-08-20T21:11:26Z,celmis-web,0.00,81.91,6928.38,1.18,0.37,0.48,14.8,0.0,12
2026-08-20T21:11:26Z,celmis-sandbox,0.02,40.54,3072.0,1.32,0.0,0.0,1.86,0.0,3
2026-08-20T21:11:26Z,celmis-qdrant,0.07,246.6,6928.38,3.56,0.04,0.02,71.5,0.01,25
2026-08-20T21:11:31Z,celmis-api,0.80,361.9,6928.38,5.22,28.4,5.99,18.1,25.5,13
2026-08-20T21:11:31Z,celmis-postgres,0.00,29.77,6928.38,0.43,5.28,4.8,4.99,30.2,10
2026-08-20T21:11:31Z,celmis-web,0.00,81.91,6928.38,1.18,0.37,0.48,14.8,0.0,12
2026-08-20T21:11:31Z,celmis-sandbox,0.04,40.54,3072.0,1.32,0.0,0.0,1.86,0.0,3
2026-08-20T21:11:31Z,celmis-qdrant,0.06,246.6,6928.38,3.56,0.04,0.02,71.5,0.01,25
2026-08-20T21:11:37Z,celmis-api,1.10,362.2,6928.38,5.23,28.4,6.0,18.1,25.5,13
2026-08-20T21:11:37Z,celmis-postgres,0.26,30.05,6928.38,0.43,5.28,4.8,4.99,30.2,10
2026-08-20T21:11:37Z,celmis-web,0.00,81.91,6928.38,1.18,0.37,0.48,14.8,0.0,12
2026-08-20T21:11:37Z,celmis-sandbox,0.02,40.54,3072.0,1.32,0.0,0.0,1.86,0.0,3
2026-08-20T21:11:37Z,celmis-qdrant,0.05,246.6,6928.38,3.56,0.04,0.02,71.5,0.01,25
2026-08-20T21:11:42Z,celmis-api,0.13,361.9,6928.38,5.22,28.4,6.0,18.1,25.5,13
2026-08-20T21:11:42Z,celmis-postgres,0.06,29.97,6928.38,0.43,5.29,4.8,4.99,30.2,10
2026-08-20T21:11:42Z,celmis-web,0.00,81.96,6928.38,1.18,0.37,0.48,14.8,0.0,12
2026-08-20T21:11:42Z,celmis-sandbox,0.01,40.71,3072.0,1.33,0.0,0.0,1.86,0.0,3
2026-08-20T21:11:42Z,celmis-qdrant,0.08,246.7,6928.38,3.56,0.04,0.02,71.5,0.01,25
2026-08-20T21:11:48Z,celmis-api,0.44,361.9,6928.38,5.22,28.4,6.0,18.1,25.5,13
2026-08-20T21:11:48Z,celmis-postgres,0.01,29.96,6928.38,0.43,5.29,4.8,4.99,30.2,10
2026-08-20T21:11:48Z,celmis-web,0.00,81.96,6928.38,1.18,0.37,0.48,14.8,0.0,12
2026-08-20T21:11:48Z,celmis-sandbox,0.01,40.71,3072.0,1.33,0.0,0.0,1.86,0.0,3
2026-08-20T21:11:48Z,celmis-qdrant,0.06,246.7,6928.38,3.56,0.04,0.02,71.5,0.01,25
2026-08-20T21:11:54Z,celmis-api,1.65,362.1,6928.38,5.23,28.4,6.0,18.1,25.5,13
2026-08-20T21:11:54Z,celmis-postgres,0.00,29.93,6928.38,0.43,5.29,4.8,4.99,30.2,10
2026-08-20T21:11:54Z,celmis-web,1.24,82.04,6928.38,1.18,0.37,0.48,14.8,0.0,12
2026-08-20T21:11:54Z,celmis-sandbox,0.02,40.71,3072.0,1.33,0.0,0.0,1.86,0.0,3
2026-08-20T21:11:54Z,celmis-qdrant,0.89,246.8,6928.38,3.56,0.04,0.02,71.5,0.01,25
2026-08-20T21:12:00Z,celmis-api,0.15,362.1,6928.38,5.23,28.4,6.0,18.1,25.5,13
2026-08-20T21:12:00Z,celmis-postgres,0.01,30.18,6928.38,0.44,5.29,4.81,4.99,30.2,10
2026-08-20T21:12:00Z,celmis-web,0.01,81.89,6928.38,1.18,0.37,0.48,14.8,0.0,12
2026-08-20T21:12:00Z,celmis-sandbox,0.02,40.71,3072.0,1.33,0.0,0.0,1.86,0.0,3
2026-08-20T21:12:00Z,celmis-qdrant,0.09,246.8,6928.38,3.56,0.04,0.02,71.5,0.01,25
2026-08-20T21:12:05Z,celmis-api,0.18,362.3,6928.38,5.23,28.4,6.0,18.1,25.5,13
2026-08-20T21:12:05Z,celmis-postgres,1.69,30.09,6928.38,0.43,5.29,4.81,4.99,30.2,10
2026-08-20T21:12:05Z,celmis-web,0.01,81.89,6928.38,1.18,0.37,0.48,14.8,0.0,12
2026-08-20T21:12:05Z,celmis-sandbox,0.01,40.71,3072.0,1.33,0.0,0.0,1.86,0.0,3
2026-08-20T21:12:05Z,celmis-qdrant,0.05,246.8,6928.38,3.56,0.04,0.02,71.5,0.01,25
2026-08-20T21:12:10Z,celmis-api,0.13,362.3,6928.38,5.23,28.4,6.01,18.1,25.5,13
2026-08-20T21:12:10Z,celmis-postgres,1.24,29.97,6928.38,0.43,5.29,4.81,4.99,30.2,10
2026-08-20T21:12:10Z,celmis-web,0.02,82.12,6928.38,1.19,0.37,0.48,14.8,0.0,12
2026-08-20T21:12:10Z,celmis-sandbox,12.86,40.98,3072.0,1.33,0.0,0.0,1.86,0.0,3
2026-08-20T21:12:10Z,celmis-qdrant,0.07,246.5,6928.38,3.56,0.04,0.02,71.5,0.01,25
2026-08-20T21:12:16Z,celmis-api,0.16,362.3,6928.38,5.23,28.4,6.01,18.1,25.5,13
2026-08-20T21:12:16Z,celmis-postgres,0.02,30.27,6928.38,0.44,5.29,4.81,4.99,30.2,10
2026-08-20T21:12:16Z,celmis-web,0.01,82.12,6928.38,1.19,0.37,0.48,14.8,0.0,12
2026-08-20T21:12:16Z,celmis-sandbox,0.02,40.89,3072.0,1.33,0.0,0.0,1.86,0.0,3
2026-08-20T21:12:16Z,celmis-qdrant,0.09,246.5,6928.38,3.56,0.04,0.02,71.5,0.01,25
2026-08-20T21:12:21Z,celmis-api,0.62,362.3,6928.38,5.23,28.4,6.01,18.1,25.5,13
2026-08-20T21:12:21Z,celmis-postgres,0.15,30.19,6928.38,0.44,5.3,4.81,4.99,30.2,10
2026-08-20T21:12:21Z,celmis-web,0.00,82.12,6928.38,1.19,0.37,0.48,14.8,0.0,12
2026-08-20T21:12:21Z,celmis-sandbox,0.03,40.89,3072.0,1.33,0.0,0.0,1.86,0.0,3
2026-08-20T21:12:21Z,celmis-qdrant,0.07,246.5,6928.38,3.56,0.04,0.02,71.5,0.01,25
2026-08-20T21:12:27Z,celmis-api,0.88,362.2,6928.38,5.23,28.4,6.01,18.1,25.5,13
2026-08-20T21:12:27Z,celmis-postgres,0.09,30.03,6928.38,0.43,5.3,4.81,4.99,30.2,10
2026-08-20T21:12:27Z,celmis-web,0.01,81.89,6928.38,1.18,0.37,0.48,14.8,0.0,12
2026-08-20T21:12:27Z,celmis-sandbox,0.03,40.89,3072.0,1.33,0.0,0.0,1.86,0.0,3
2026-08-20T21:12:27Z,celmis-qdrant,0.11,246.6,6928.38,3.56,0.04,0.02,71.5,0.01,25
2026-08-20T21:12:32Z,celmis-api,0.19,362.2,6928.38,5.23,28.4,6.01,18.1,25.5,13
2026-08-20T21:12:32Z,celmis-postgres,0.00,30.0,6928.38,0.43,5.3,4.81,4.99,30.2,10
2026-08-20T21:12:32Z,celmis-web,0.00,81.89,6928.38,1.18,0.37,0.48,14.8,0.0,12
2026-08-20T21:12:32Z,celmis-sandbox,0.02,40.89,3072.0,1.33,0.0,0.0,1.86,0.0,3
2026-08-20T21:12:32Z,celmis-qdrant,0.08,246.6,6928.38,3.56,0.04,0.02,71.5,0.01,25
2026-08-20T21:12:38Z,celmis-api,0.21,362.2,6928.38,5.23,28.4,6.02,18.1,25.5,13
2026-08-20T21:12:38Z,celmis-postgres,0.31,29.99,6928.38,0.43,5.3,4.82,4.99,30.3,10
2026-08-20T21:12:38Z,celmis-web,0.01,81.89,6928.38,1.18,0.37,0.48,14.8,0.0,12
2026-08-20T21:12:38Z,celmis-sandbox,0.03,40.89,3072.0,1.33,0.0,0.0,1.86,0.0,3
2026-08-20T21:12:38Z,celmis-qdrant,0.08,246.6,6928.38,3.56,0.04,0.02,71.5,0.01,25
2026-08-20T21:12:44Z,celmis-api,41.60,168.6,6928.38,2.43,28.4,6.02,18.1,25.5,11
2026-08-20T21:12:44Z,celmis-postgres,0.29,29.87,6928.38,0.43,5.3,4.82,4.99,30.3,10
2026-08-20T21:12:44Z,celmis-web,0.01,81.88,6928.38,1.18,0.37,0.48,14.8,0.0,12
2026-08-20T21:12:44Z,celmis-sandbox,0.02,40.8,3072.0,1.33,0.0,0.0,1.86,0.0,3
2026-08-20T21:12:44Z,celmis-qdrant,0.08,246.5,6928.38,3.56,0.04,0.02,71.5,0.01,25
2026-08-20T21:12:50Z,celmis-api,0.21,168.6,6928.38,2.43,28.4,6.02,18.1,25.5,11
2026-08-20T21:12:50Z,celmis-postgres,0.05,30.17,6928.38,0.44,5.3,4.82,4.99,30.3,10
2026-08-20T21:12:50Z,celmis-web,0.00,81.88,6928.38,1.18,0.37,0.48,14.8,0.0,12
2026-08-20T21:12:50Z,celmis-sandbox,0.02,40.8,3072.0,1.33,0.0,0.0,1.86,0.0,3
2026-08-20T21:12:50Z,celmis-qdrant,0.04,246.5,6928.38,3.56,0.04,0.02,71.5,0.01,25
2026-08-20T21:12:55Z,celmis-api,75.34,207.5,6928.38,2.99,28.4,6.05,18.2,25.7,17
2026-08-20T21:12:55Z,celmis-postgres,0.50,31.5,6928.38,0.45,5.31,4.83,4.99,30.3,11
2026-08-20T21:12:55Z,celmis-web,1.40,82.14,6928.38,1.19,0.47,0.57,14.8,0.0,12
2026-08-20T21:12:55Z,celmis-sandbox,0.02,40.8,3072.0,1.33,0.0,0.0,1.86,0.0,3
2026-08-20T21:12:55Z,celmis-qdrant,0.88,246.4,6928.38,3.56,0.04,0.02,71.5,0.01,25
2026-08-20T21:13:00Z,celmis-api,0.21,244.9,6928.38,3.53,30.2,6.07,18.2,25.7,17
2026-08-20T21:13:00Z,celmis-postgres,1.55,31.58,6928.38,0.46,5.31,4.83,4.99,30.3,11
2026-08-20T21:13:00Z,celmis-web,0.22,82.12,6928.38,1.19,0.47,0.57,14.8,0.0,12
2026-08-20T21:13:00Z,celmis-sandbox,0.02,40.8,3072.0,1.33,0.0,0.0,1.86,0.0,3
2026-08-20T21:13:00Z,celmis-qdrant,0.05,246.4,6928.38,3.56,0.04,0.02,71.5,0.01,25
2026-08-20T21:13:06Z,celmis-api,0.17,244.9,6928.38,3.53,30.2,6.07,18.2,25.7,17
2026-08-20T21:13:06Z,celmis-postgres,0.90,31.65,6928.38,0.46,5.32,4.83,4.99,30.3,11
2026-08-20T21:13:06Z,celmis-web,0.00,82.12,6928.38,1.19,0.47,0.57,14.8,0.0,12
2026-08-20T21:13:06Z,celmis-sandbox,0.03,40.8,3072.0,1.33,0.0,0.0,1.86,0.0,3
2026-08-20T21:13:06Z,celmis-qdrant,0.06,246.4,6928.38,3.56,0.04,0.02,71.5,0.01,25
2026-08-20T21:13:11Z,celmis-api,0.20,245.1,6928.38,3.54,30.2,6.08,18.2,25.7,17
2026-08-20T21:13:11Z,celmis-postgres,0.02,31.71,6928.38,0.46,5.32,4.83,4.99,30.3,11
2026-08-20T21:13:11Z,celmis-web,0.01,82.32,6928.38,1.19,0.47,0.57,14.8,0.0,12
2026-08-20T21:13:11Z,celmis-sandbox,0.02,40.97,3072.0,1.33,0.0,0.0,1.86,0.0,3
2026-08-20T21:13:11Z,celmis-qdrant,0.09,246.3,6928.38,3.56,0.04,0.02,71.5,0.01,25
2026-08-20T21:13:17Z,celmis-api,1.13,245.1,6928.38,3.54,30.2,6.08,18.2,25.7,17
2026-08-20T21:13:17Z,celmis-postgres,0.39,31.68,6928.38,0.46,5.32,4.84,4.99,30.3,11
2026-08-20T21:13:17Z,celmis-web,0.00,82.32,6928.38,1.19,0.47,0.57,14.8,0.0,12
2026-08-20T21:13:17Z,celmis-sandbox,0.02,40.93,3072.0,1.33,0.0,0.0,1.86,0.0,3
2026-08-20T21:13:17Z,celmis-qdrant,0.05,246.3,6928.38,3.56,0.04,0.02,71.5,0.01,25
2026-08-20T21:13:22Z,celmis-api,1.89,245.5,6928.38,3.54,30.2,6.09,18.2,26.1,15
2026-08-20T21:13:22Z,celmis-postgres,0.79,31.91,6928.38,0.46,5.33,4.84,4.99,30.4,11
2026-08-20T21:13:22Z,celmis-web,0.00,82.32,6928.38,1.19,0.47,0.57,14.8,0.0,12
2026-08-20T21:13:22Z,celmis-sandbox,0.02,40.93,3072.0,1.33,0.0,0.0,1.86,0.0,3
2026-08-20T21:13:22Z,celmis-qdrant,0.05,246.3,6928.38,3.56,0.04,0.02,71.5,0.01,25
2026-08-20T21:13:28Z,celmis-api,0.16,245.2,6928.38,3.54,30.2,6.09,18.2,26.1,15
2026-08-20T21:13:28Z,celmis-postgres,0.02,31.7,6928.38,0.46,5.33,4.84,4.99,30.4,11
2026-08-20T21:13:28Z,celmis-web,0.00,82.18,6928.38,1.19,0.47,0.57,14.8,0.0,12
2026-08-20T21:13:28Z,celmis-sandbox,0.02,40.93,3072.0,1.33,0.0,0.0,1.86,0.0,3
2026-08-20T21:13:28Z,celmis-qdrant,0.09,246.5,6928.38,3.56,0.04,0.02,71.5,0.01,25
2026-08-20T21:13:34Z,celmis-api,0.19,245.3,6928.38,3.54,30.2,6.1,18.2,26.1,15
2026-08-20T21:13:34Z,celmis-postgres,0.00,31.82,6928.38,0.46,5.34,4.85,4.99,30.4,11
2026-08-20T21:13:34Z,celmis-web,0.00,82.18,6928.38,1.19,0.47,0.57,14.8,0.0,12
2026-08-20T21:13:34Z,celmis-sandbox,0.02,40.93,3072.0,1.33,0.0,0.0,1.86,0.0,3
2026-08-20T21:13:34Z,celmis-qdrant,0.04,246.5,6928.38,3.56,0.04,0.02,71.5,0.01,25
2026-08-20T21:13:40Z,celmis-api,1.21,245.2,6928.38,3.54,30.2,6.1,18.2,27.8,15
2026-08-20T21:13:40Z,celmis-postgres,0.00,31.8,6928.38,0.46,5.34,4.85,4.99,30.4,11
2026-08-20T21:13:40Z,celmis-web,1.52,81.96,6928.38,1.18,0.47,0.57,14.8,0.0,12
2026-08-20T21:13:40Z,celmis-sandbox,0.03,40.93,3072.0,1.33,0.0,0.0,1.86,0.0,3
2026-08-20T21:13:40Z,celmis-qdrant,0.11,246.5,6928.38,3.56,0.04,0.02,71.5,0.01,25
2026-08-20T21:13:45Z,celmis-api,0.23,245.2,6928.38,3.54,30.2,6.1,18.2,27.8,15
2026-08-20T21:13:45Z,celmis-postgres,0.56,32.12,6928.38,0.46,5.34,4.85,4.99,30.4,11
2026-08-20T21:13:45Z,celmis-web,0.00,81.96,6928.38,1.18,0.47,0.57,14.8,0.0,12
2026-08-20T21:13:45Z,celmis-sandbox,0.02,41.11,3072.0,1.34,0.0,0.0,1.86,0.0,3
2026-08-20T21:13:45Z,celmis-qdrant,0.08,246.6,6928.38,3.56,0.04,0.02,71.5,0.01,25
2026-08-20T21:13:50Z,celmis-api,28.59,333.0,6928.38,4.81,30.3,6.11,18.2,27.8,16
2026-08-20T21:13:50Z,celmis-postgres,1.77,31.77,6928.38,0.46,5.35,4.86,4.99,30.4,11
2026-08-20T21:13:50Z,celmis-web,0.00,81.96,6928.38,1.18,0.47,0.57,14.8,0.0,12
2026-08-20T21:13:50Z,celmis-sandbox,0.04,41.11,3072.0,1.34,0.0,0.0,1.86,0.0,3
2026-08-20T21:13:50Z,celmis-qdrant,0.04,246.6,6928.38,3.56,0.04,0.02,71.5,0.01,25
2026-08-20T21:13:56Z,celmis-api,0.22,495.1,6928.38,7.15,30.4,6.24,18.2,27.9,21
2026-08-20T21:13:56Z,celmis-postgres,1.46,35.43,6928.38,0.51,5.35,4.87,4.99,30.4,13
2026-08-20T21:13:56Z,celmis-web,0.01,82.43,6928.38,1.19,0.47,0.57,14.8,0.0,12
2026-08-20T21:13:56Z,celmis-sandbox,0.02,41.11,3072.0,1.34,0.0,0.0,1.86,0.0,3
2026-08-20T21:13:56Z,celmis-qdrant,0.08,246.3,6928.38,3.55,0.04,0.02,71.5,0.01,25
2026-08-20T21:14:01Z,celmis-api,0.59,497.8,6928.38,7.18,30.4,6.26,18.2,27.9,21
2026-08-20T21:14:01Z,celmis-postgres,1.05,35.14,6928.38,0.51,5.35,4.87,4.99,30.4,13
2026-08-20T21:14:01Z,celmis-web,0.00,82.43,6928.38,1.19,0.47,0.57,14.8,0.0,12
2026-08-20T21:14:01Z,celmis-sandbox,0.03,41.11,3072.0,1.34,0.0,0.0,1.86,0.0,3
2026-08-20T21:14:01Z,celmis-qdrant,0.05,246.3,6928.38,3.55,0.04,0.02,71.5,0.01,25
2026-08-20T21:14:07Z,celmis-api,0.78,497.8,6928.38,7.18,30.4,6.26,18.2,27.9,21
2026-08-20T21:14:07Z,celmis-postgres,0.17,35.47,6928.38,0.51,5.36,4.87,4.99,30.4,13
2026-08-20T21:14:07Z,celmis-web,0.01,82.43,6928.38,1.19,0.47,0.57,14.8,0.0,12
2026-08-20T21:14:07Z,celmis-sandbox,0.03,41.11,3072.0,1.34,0.0,0.0,1.86,0.0,3
2026-08-20T21:14:07Z,celmis-qdrant,0.08,246.3,6928.38,3.55,0.04,0.02,71.5,0.01,25
2026-08-20T21:14:12Z,celmis-api,0.49,497.9,6928.38,7.19,30.4,6.27,18.2,27.9,21
2026-08-20T21:14:12Z,celmis-postgres,0.06,35.45,6928.38,0.51,5.36,4.87,4.99,30.4,13
2026-08-20T21:14:12Z,celmis-web,0.01,82.49,6928.38,1.19,0.47,0.57,14.8,0.0,12
2026-08-20T21:14:12Z,celmis-sandbox,1.64,41.03,3072.0,1.34,0.0,0.0,1.86,0.0,3
2026-08-20T21:14:12Z,celmis-qdrant,0.10,246.4,6928.38,3.56,0.04,0.02,71.5,0.01,25
2026-08-20T21:14:18Z,celmis-api,0.25,498.6,6928.38,7.20,30.4,6.33,18.2,27.9,22
2026-08-20T21:14:18Z,celmis-postgres,0.03,37.57,6928.38,0.54,5.36,4.88,5.03,30.4,14
2026-08-20T21:14:18Z,celmis-web,0.00,82.49,6928.38,1.19,0.47,0.57,14.8,0.0,12
2026-08-20T21:14:18Z,celmis-sandbox,0.02,41.03,3072.0,1.34,0.0,0.0,1.86,0.0,3
2026-08-20T21:14:18Z,celmis-qdrant,0.07,246.4,6928.38,3.56,0.04,0.02,71.5,0.01,25
2026-08-20T21:14:24Z,celmis-api,0.17,498.6,6928.38,7.20,30.4,6.33,18.2,27.9,22
2026-08-20T21:14:24Z,celmis-postgres,0.58,37.34,6928.38,0.54,5.36,4.88,5.03,30.4,14
2026-08-20T21:14:24Z,celmis-web,0.00,82.49,6928.38,1.19,0.47,0.57,14.8,0.0,12
2026-08-20T21:14:24Z,celmis-sandbox,0.02,41.03,3072.0,1.34,0.0,0.0,1.86,0.0,3
2026-08-20T21:14:24Z,celmis-qdrant,0.08,246.4,6928.38,3.56,0.04,0.02,71.5,0.01,25
2026-08-20T21:14:30Z,celmis-api,0.18,498.5,6928.38,7.19,30.4,6.33,18.2,27.9,22
2026-08-20T21:14:30Z,celmis-postgres,0.02,37.26,6928.38,0.54,5.37,4.88,5.03,30.4,14
2026-08-20T21:14:30Z,celmis-web,0.02,82.53,6928.38,1.19,0.47,0.57,14.8,0.0,12
2026-08-20T21:14:30Z,celmis-sandbox,0.03,41.03,3072.0,1.34,0.0,0.0,1.86,0.0,3
2026-08-20T21:14:30Z,celmis-qdrant,0.08,246.3,6928.38,3.56,0.04,0.02,71.5,0.01,25
2026-08-20T21:14:36Z,celmis-api,0.16,498.5,6928.38,7.19,30.4,6.33,18.2,28.0,22
2026-08-20T21:14:36Z,celmis-postgres,1.66,37.32,6928.38,0.54,5.37,4.88,5.03,30.4,14
2026-08-20T21:14:36Z,celmis-web,0.00,82.53,6928.38,1.19,0.47,0.57,14.8,0.0,12
2026-08-20T21:14:36Z,celmis-sandbox,0.02,41.03,3072.0,1.34,0.0,0.0,1.86,0.0,3
2026-08-20T21:14:36Z,celmis-qdrant,0.08,246.3,6928.38,3.56,0.04,0.02,71.5,0.01,25
2026-08-20T21:14:41Z,celmis-api,0.17,498.7,6928.38,7.20,30.5,6.34,18.2,28.0,22
2026-08-20T21:14:41Z,celmis-postgres,1.19,37.26,6928.38,0.54,5.37,4.89,5.03,30.5,14
2026-08-20T21:14:41Z,celmis-web,0.00,82.72,6928.38,1.19,0.47,0.57,14.8,0.0,12
2026-08-20T21:14:41Z,celmis-sandbox,14.83,41.25,3072.0,1.34,0.0,0.0,1.86,0.0,3
2026-08-20T21:14:41Z,celmis-qdrant,0.06,246.5,6928.38,3.56,0.04,0.02,71.5,0.01,25
2026-08-20T21:14:47Z,celmis-api,0.62,498.7,6928.38,7.20,30.5,6.34,18.2,28.0,22
2026-08-20T21:14:47Z,celmis-postgres,0.14,37.42,6928.38,0.54,5.38,4.89,5.03,30.5,14
2026-08-20T21:14:47Z,celmis-web,0.01,82.65,6928.38,1.19,0.47,0.57,14.8,0.0,12
2026-08-20T21:14:47Z,celmis-sandbox,0.03,41.21,3072.0,1.34,0.0,0.0,1.86,0.0,3
2026-08-20T21:14:47Z,celmis-qdrant,0.09,246.5,6928.38,3.56,0.04,0.02,71.5,0.01,25
2026-08-20T21:14:52Z,celmis-api,0.55,498.7,6928.38,7.20,30.5,6.34,18.2,28.0,22
2026-08-20T21:14:52Z,celmis-postgres,0.11,37.2,6928.38,0.54,5.38,4.89,5.03,30.5,14
2026-08-20T21:14:52Z,celmis-web,0.01,82.65,6928.38,1.19,0.47,0.57,14.8,0.0,12
2026-08-20T21:14:52Z,celmis-sandbox,0.02,41.21,3072.0,1.34,0.0,0.0,1.86,0.0,3
2026-08-20T21:14:52Z,celmis-qdrant,0.06,246.5,6928.38,3.56,0.04,0.02,71.5,0.01,25
